week,week_start,sku,demand
1,2024-07-01,KIT-001,62
2,2024-07-08,KIT-001,58
3,2024-07-15,KIT-001,53
4,2024-07-22,KIT-001,56
5,2024-07-29,KIT-001,52
6,2024-08-05,KIT-001,60
7,2024-08-12,KIT-001,71
8,2024-08-19,KIT-001,56
9,2024-08-26,KIT-001,55
10,2024-09-02,KIT-001,64
11,2024-09-09,KIT-001,63
12,2024-09-16,KIT-001,61
13,2024-09-23,KIT-001,53
14,2024-09-30,KIT-001,60
15,2024-10-07,KIT-001,65
16,2024-10-14,KIT-001,49
17,2024-10-21,KIT-001,56
18,2024-10-28,KIT-001,45
19,2024-11-04,KIT-001,50
20,2024-11-11,KIT-001,45
21,2024-11-18,KIT-001,58
22,2024-11-25,KIT-001,50
23,2024-12-02,KIT-001,62
24,2024-12-09,KIT-001,61
25,2024-12-16,KIT-001,59
26,2024-12-23,KIT-001,40
27,2024-12-30,KIT-001,56
28,2025-01-06,KIT-001,60
29,2025-01-13,KIT-001,61
30,2025-01-20,KIT-001,48
31,2025-01-27,KIT-001,56
32,2025-02-03,KIT-001,52
33,2025-02-10,KIT-001,54
34,2025-02-17,KIT-001,68
35,2025-02-24,KIT-001,54
36,2025-03-03,KIT-001,60
37,2025-03-10,KIT-001,67
38,2025-03-17,KIT-001,55
39,2025-03-24,KIT-001,59
40,2025-03-31,KIT-001,61
41,2025-04-07,KIT-001,61
42,2025-04-14,KIT-001,50
43,2025-04-21,KIT-001,61
44,2025-04-28,KIT-001,71
45,2025-05-05,KIT-001,48
46,2025-05-12,KIT-001,67
47,2025-05-19,KIT-001,61
48,2025-05-26,KIT-001,55
49,2025-06-02,KIT-001,76
50,2025-06-09,KIT-001,66
51,2025-06-16,KIT-001,51
52,2025-06-23,KIT-001,61
53,2025-06-30,KIT-001,65
54,2025-07-07,KIT-001,59
55,2025-07-14,KIT-001,65
56,2025-07-21,KIT-001,59
57,2025-07-28,KIT-001,65
58,2025-08-04,KIT-001,71
59,2025-08-11,KIT-001,55
60,2025-08-18,KIT-001,62
61,2025-08-25,KIT-001,56
62,2025-09-01,KIT-001,61
63,2025-09-08,KIT-001,51
64,2025-09-15,KIT-001,55
65,2025-09-22,KIT-001,58
66,2025-09-29,KIT-001,67
67,2025-10-06,KIT-001,69
68,2025-10-13,KIT-001,50
69,2025-10-20,KIT-001,54
70,2025-10-27,KIT-001,65
71,2025-11-03,KIT-001,44
72,2025-11-10,KIT-001,56
73,2025-11-17,KIT-001,59
74,2025-11-24,KIT-001,70
75,2025-12-01,KIT-001,65
76,2025-12-08,KIT-001,57
77,2025-12-15,KIT-001,57
78,2025-12-22,KIT-001,58
79,2025-12-29,KIT-001,72
80,2026-01-05,KIT-001,57
81,2026-01-12,KIT-001,58
82,2026-01-19,KIT-001,63
83,2026-01-26,KIT-001,59
84,2026-02-02,KIT-001,58
85,2026-02-09,KIT-001,51
86,2026-02-16,KIT-001,60
87,2026-02-23,KIT-001,57
88,2026-03-02,KIT-001,69
89,2026-03-09,KIT-001,65
90,2026-03-16,KIT-001,60
91,2026-03-23,KIT-001,65
92,2026-03-30,KIT-001,57
93,2026-04-06,KIT-001,68
94,2026-04-13,KIT-001,60
95,2026-04-20,KIT-001,65
96,2026-04-27,KIT-001,50
97,2026-05-04,KIT-001,63
98,2026-05-11,KIT-001,47
99,2026-05-18,KIT-001,44
100,2026-05-25,KIT-001,58
101,2026-06-01,KIT-001,53
102,2026-06-08,KIT-001,61
103,2026-06-15,KIT-001,78
104,2026-06-22,KIT-001,53
1,2024-07-01,KIT-002,48
2,2024-07-08,KIT-002,53
3,2024-07-15,KIT-002,42
4,2024-07-22,KIT-002,42
5,2024-07-29,KIT-002,56
6,2024-08-05,KIT-002,53
7,2024-08-12,KIT-002,29
8,2024-08-19,KIT-002,44
9,2024-08-26,KIT-002,46
10,2024-09-02,KIT-002,29
11,2024-09-09,KIT-002,49
12,2024-09-16,KIT-002,32
13,2024-09-23,KIT-002,60
14,2024-09-30,KIT-002,48
15,2024-10-07,KIT-002,46
16,2024-10-14,KIT-002,36
17,2024-10-21,KIT-002,43
18,2024-10-28,KIT-002,15
19,2024-11-04,KIT-002,28
20,2024-11-11,KIT-002,51
21,2024-11-18,KIT-002,13
22,2024-11-25,KIT-002,58
23,2024-12-02,KIT-002,18
24,2024-12-09,KIT-002,57
25,2024-12-16,KIT-002,32
26,2024-12-23,KIT-002,57
27,2024-12-30,KIT-002,47
28,2025-01-06,KIT-002,22
29,2025-01-13,KIT-002,64
30,2025-01-20,KIT-002,67
31,2025-01-27,KIT-002,44
32,2025-02-03,KIT-002,41
33,2025-02-10,KIT-002,43
34,2025-02-17,KIT-002,30
35,2025-02-24,KIT-002,62
36,2025-03-03,KIT-002,37
37,2025-03-10,KIT-002,44
38,2025-03-17,KIT-002,33
39,2025-03-24,KIT-002,35
40,2025-03-31,KIT-002,26
41,2025-04-07,KIT-002,64
42,2025-04-14,KIT-002,43
43,2025-04-21,KIT-002,60
44,2025-04-28,KIT-002,45
45,2025-05-05,KIT-002,34
46,2025-05-12,KIT-002,40
47,2025-05-19,KIT-002,36
48,2025-05-26,KIT-002,45
49,2025-06-02,KIT-002,39
50,2025-06-09,KIT-002,40
51,2025-06-16,KIT-002,24
52,2025-06-23,KIT-002,33
53,2025-06-30,KIT-002,70
54,2025-07-07,KIT-002,35
55,2025-07-14,KIT-002,29
56,2025-07-21,KIT-002,50
57,2025-07-28,KIT-002,66
58,2025-08-04,KIT-002,23
59,2025-08-11,KIT-002,42
60,2025-08-18,KIT-002,35
61,2025-08-25,KIT-002,18
62,2025-09-01,KIT-002,56
63,2025-09-08,KIT-002,45
64,2025-09-15,KIT-002,46
65,2025-09-22,KIT-002,34
66,2025-09-29,KIT-002,52
67,2025-10-06,KIT-002,37
68,2025-10-13,KIT-002,43
69,2025-10-20,KIT-002,28
70,2025-10-27,KIT-002,26
71,2025-11-03,KIT-002,65
72,2025-11-10,KIT-002,37
73,2025-11-17,KIT-002,49
74,2025-11-24,KIT-002,44
75,2025-12-01,KIT-002,38
76,2025-12-08,KIT-002,37
77,2025-12-15,KIT-002,55
78,2025-12-22,KIT-002,40
79,2025-12-29,KIT-002,43
80,2026-01-05,KIT-002,45
81,2026-01-12,KIT-002,63
82,2026-01-19,KIT-002,55
83,2026-01-26,KIT-002,51
84,2026-02-02,KIT-002,36
85,2026-02-09,KIT-002,24
86,2026-02-16,KIT-002,59
87,2026-02-23,KIT-002,60
88,2026-03-02,KIT-002,43
89,2026-03-09,KIT-002,53
90,2026-03-16,KIT-002,57
91,2026-03-23,KIT-002,58
92,2026-03-30,KIT-002,59
93,2026-04-06,KIT-002,38
94,2026-04-13,KIT-002,68
95,2026-04-20,KIT-002,26
96,2026-04-27,KIT-002,58
97,2026-05-04,KIT-002,53
98,2026-05-11,KIT-002,58
99,2026-05-18,KIT-002,74
100,2026-05-25,KIT-002,68
101,2026-06-01,KIT-002,28
102,2026-06-08,KIT-002,19
103,2026-06-15,KIT-002,57
104,2026-06-22,KIT-002,30
1,2024-07-01,KIT-003,45
2,2024-07-08,KIT-003,51
3,2024-07-15,KIT-003,36
4,2024-07-22,KIT-003,33
5,2024-07-29,KIT-003,49
6,2024-08-05,KIT-003,48
7,2024-08-12,KIT-003,47
8,2024-08-19,KIT-003,49
9,2024-08-26,KIT-003,44
10,2024-09-02,KIT-003,39
11,2024-09-09,KIT-003,49
12,2024-09-16,KIT-003,44
13,2024-09-23,KIT-003,40
14,2024-09-30,KIT-003,56
15,2024-10-07,KIT-003,52
16,2024-10-14,KIT-003,56
17,2024-10-21,KIT-003,46
18,2024-10-28,KIT-003,49
19,2024-11-04,KIT-003,47
20,2024-11-11,KIT-003,48
21,2024-11-18,KIT-003,57
22,2024-11-25,KIT-003,50
23,2024-12-02,KIT-003,60
24,2024-12-09,KIT-003,60
25,2024-12-16,KIT-003,74
26,2024-12-23,KIT-003,47
27,2024-12-30,KIT-003,66
28,2025-01-06,KIT-003,59
29,2025-01-13,KIT-003,60
30,2025-01-20,KIT-003,48
31,2025-01-27,KIT-003,57
32,2025-02-03,KIT-003,68
33,2025-02-10,KIT-003,61
34,2025-02-17,KIT-003,63
35,2025-02-24,KIT-003,60
36,2025-03-03,KIT-003,74
37,2025-03-10,KIT-003,64
38,2025-03-17,KIT-003,45
39,2025-03-24,KIT-003,59
40,2025-03-31,KIT-003,47
41,2025-04-07,KIT-003,36
42,2025-04-14,KIT-003,61
43,2025-04-21,KIT-003,79
44,2025-04-28,KIT-003,68
45,2025-05-05,KIT-003,57
46,2025-05-12,KIT-003,59
47,2025-05-19,KIT-003,80
48,2025-05-26,KIT-003,71
49,2025-06-02,KIT-003,70
50,2025-06-09,KIT-003,70
51,2025-06-16,KIT-003,71
52,2025-06-23,KIT-003,80
53,2025-06-30,KIT-003,78
54,2025-07-07,KIT-003,75
55,2025-07-14,KIT-003,62
56,2025-07-21,KIT-003,79
57,2025-07-28,KIT-003,67
58,2025-08-04,KIT-003,86
59,2025-08-11,KIT-003,62
60,2025-08-18,KIT-003,74
61,2025-08-25,KIT-003,76
62,2025-09-01,KIT-003,62
63,2025-09-08,KIT-003,96
64,2025-09-15,KIT-003,93
65,2025-09-22,KIT-003,73
66,2025-09-29,KIT-003,87
67,2025-10-06,KIT-003,83
68,2025-10-13,KIT-003,51
69,2025-10-20,KIT-003,83
70,2025-10-27,KIT-003,80
71,2025-11-03,KIT-003,82
72,2025-11-10,KIT-003,69
73,2025-11-17,KIT-003,79
74,2025-11-24,KIT-003,81
75,2025-12-01,KIT-003,97
76,2025-12-08,KIT-003,88
77,2025-12-15,KIT-003,84
78,2025-12-22,KIT-003,103
79,2025-12-29,KIT-003,79
80,2026-01-05,KIT-003,81
81,2026-01-12,KIT-003,64
82,2026-01-19,KIT-003,106
83,2026-01-26,KIT-003,99
84,2026-02-02,KIT-003,99
85,2026-02-09,KIT-003,97
86,2026-02-16,KIT-003,90
87,2026-02-23,KIT-003,92
88,2026-03-02,KIT-003,87
89,2026-03-09,KIT-003,88
90,2026-03-16,KIT-003,92
91,2026-03-23,KIT-003,111
92,2026-03-30,KIT-003,99
93,2026-04-06,KIT-003,92
94,2026-04-13,KIT-003,85
95,2026-04-20,KIT-003,85
96,2026-04-27,KIT-003,115
97,2026-05-04,KIT-003,101
98,2026-05-11,KIT-003,96
99,2026-05-18,KIT-003,91
100,2026-05-25,KIT-003,81
101,2026-06-01,KIT-003,96
102,2026-06-08,KIT-003,109
103,2026-06-15,KIT-003,92
104,2026-06-22,KIT-003,95
1,2024-07-01,KIT-004,91
2,2024-07-08,KIT-004,75
3,2024-07-15,KIT-004,88
4,2024-07-22,KIT-004,82
5,2024-07-29,KIT-004,99
6,2024-08-05,KIT-004,83
7,2024-08-12,KIT-004,96
8,2024-08-19,KIT-004,105
9,2024-08-26,KIT-004,87
10,2024-09-02,KIT-004,84
11,2024-09-09,KIT-004,92
12,2024-09-16,KIT-004,90
13,2024-09-23,KIT-004,80
14,2024-09-30,KIT-004,94
15,2024-10-07,KIT-004,109
16,2024-10-14,KIT-004,88
17,2024-10-21,KIT-004,88
18,2024-10-28,KIT-004,80
19,2024-11-04,KIT-004,93
20,2024-11-11,KIT-004,78
21,2024-11-18,KIT-004,79
22,2024-11-25,KIT-004,102
23,2024-12-02,KIT-004,81
24,2024-12-09,KIT-004,100
25,2024-12-16,KIT-004,105
26,2024-12-23,KIT-004,92
27,2024-12-30,KIT-004,95
28,2025-01-06,KIT-004,109
29,2025-01-13,KIT-004,88
30,2025-01-20,KIT-004,84
31,2025-01-27,KIT-004,77
32,2025-02-03,KIT-004,90
33,2025-02-10,KIT-004,104
34,2025-02-17,KIT-004,99
35,2025-02-24,KIT-004,81
36,2025-03-03,KIT-004,82
37,2025-03-10,KIT-004,85
38,2025-03-17,KIT-004,93
39,2025-03-24,KIT-004,88
40,2025-03-31,KIT-004,92
41,2025-04-07,KIT-004,93
42,2025-04-14,KIT-004,87
43,2025-04-21,KIT-004,90
44,2025-04-28,KIT-004,92
45,2025-05-05,KIT-004,89
46,2025-05-12,KIT-004,95
47,2025-05-19,KIT-004,108
48,2025-05-26,KIT-004,96
49,2025-06-02,KIT-004,91
50,2025-06-09,KIT-004,74
51,2025-06-16,KIT-004,94
52,2025-06-23,KIT-004,71
53,2025-06-30,KIT-004,76
54,2025-07-07,KIT-004,98
55,2025-07-14,KIT-004,97
56,2025-07-21,KIT-004,89
57,2025-07-28,KIT-004,74
58,2025-08-04,KIT-004,86
59,2025-08-11,KIT-004,83
60,2025-08-18,KIT-004,96
61,2025-08-25,KIT-004,112
62,2025-09-01,KIT-004,92
63,2025-09-08,KIT-004,83
64,2025-09-15,KIT-004,79
65,2025-09-22,KIT-004,89
66,2025-09-29,KIT-004,88
67,2025-10-06,KIT-004,79
68,2025-10-13,KIT-004,91
69,2025-10-20,KIT-004,79
70,2025-10-27,KIT-004,101
71,2025-11-03,KIT-004,100
72,2025-11-10,KIT-004,100
73,2025-11-17,KIT-004,85
74,2025-11-24,KIT-004,95
75,2025-12-01,KIT-004,89
76,2025-12-08,KIT-004,86
77,2025-12-15,KIT-004,87
78,2025-12-22,KIT-004,77
79,2025-12-29,KIT-004,76
80,2026-01-05,KIT-004,98
81,2026-01-12,KIT-004,88
82,2026-01-19,KIT-004,92
83,2026-01-26,KIT-004,100
84,2026-02-02,KIT-004,73
85,2026-02-09,KIT-004,82
86,2026-02-16,KIT-004,92
87,2026-02-23,KIT-004,94
88,2026-03-02,KIT-004,86
89,2026-03-09,KIT-004,100
90,2026-03-16,KIT-004,92
91,2026-03-23,KIT-004,78
92,2026-03-30,KIT-004,81
93,2026-04-06,KIT-004,98
94,2026-04-13,KIT-004,94
95,2026-04-20,KIT-004,72
96,2026-04-27,KIT-004,103
97,2026-05-04,KIT-004,96
98,2026-05-11,KIT-004,103
99,2026-05-18,KIT-004,86
100,2026-05-25,KIT-004,87
101,2026-06-01,KIT-004,79
102,2026-06-08,KIT-004,114
103,2026-06-15,KIT-004,88
104,2026-06-22,KIT-004,105
1,2024-07-01,KIT-005,43
2,2024-07-08,KIT-005,48
3,2024-07-15,KIT-005,36
4,2024-07-22,KIT-005,44
5,2024-07-29,KIT-005,53
6,2024-08-05,KIT-005,38
7,2024-08-12,KIT-005,53
8,2024-08-19,KIT-005,48
9,2024-08-26,KIT-005,39
10,2024-09-02,KIT-005,42
11,2024-09-09,KIT-005,42
12,2024-09-16,KIT-005,44
13,2024-09-23,KIT-005,41
14,2024-09-30,KIT-005,39
15,2024-10-07,KIT-005,42
16,2024-10-14,KIT-005,37
17,2024-10-21,KIT-005,36
18,2024-10-28,KIT-005,43
19,2024-11-04,KIT-005,48
20,2024-11-11,KIT-005,34
21,2024-11-18,KIT-005,43
22,2024-11-25,KIT-005,38
23,2024-12-02,KIT-005,36
24,2024-12-09,KIT-005,47
25,2024-12-16,KIT-005,39
26,2024-12-23,KIT-005,50
27,2024-12-30,KIT-005,37
28,2025-01-06,KIT-005,43
29,2025-01-13,KIT-005,39
30,2025-01-20,KIT-005,36
31,2025-01-27,KIT-005,43
32,2025-02-03,KIT-005,39
33,2025-02-10,KIT-005,43
34,2025-02-17,KIT-005,39
35,2025-02-24,KIT-005,33
36,2025-03-03,KIT-005,38
37,2025-03-10,KIT-005,39
38,2025-03-17,KIT-005,44
39,2025-03-24,KIT-005,33
40,2025-03-31,KIT-005,38
41,2025-04-07,KIT-005,29
42,2025-04-14,KIT-005,41
43,2025-04-21,KIT-005,32
44,2025-04-28,KIT-005,28
45,2025-05-05,KIT-005,36
46,2025-05-12,KIT-005,42
47,2025-05-19,KIT-005,29
48,2025-05-26,KIT-005,31
49,2025-06-02,KIT-005,32
50,2025-06-09,KIT-005,30
51,2025-06-16,KIT-005,37
52,2025-06-23,KIT-005,31
53,2025-06-30,KIT-005,31
54,2025-07-07,KIT-005,37
55,2025-07-14,KIT-005,31
56,2025-07-21,KIT-005,36
57,2025-07-28,KIT-005,29
58,2025-08-04,KIT-005,28
59,2025-08-11,KIT-005,25
60,2025-08-18,KIT-005,42
61,2025-08-25,KIT-005,31
62,2025-09-01,KIT-005,34
63,2025-09-08,KIT-005,32
64,2025-09-15,KIT-005,33
65,2025-09-22,KIT-005,32
66,2025-09-29,KIT-005,40
67,2025-10-06,KIT-005,27
68,2025-10-13,KIT-005,24
69,2025-10-20,KIT-005,27
70,2025-10-27,KIT-005,25
71,2025-11-03,KIT-005,34
72,2025-11-10,KIT-005,34
73,2025-11-17,KIT-005,26
74,2025-11-24,KIT-005,24
75,2025-12-01,KIT-005,28
76,2025-12-08,KIT-005,35
77,2025-12-15,KIT-005,18
78,2025-12-22,KIT-005,31
79,2025-12-29,KIT-005,24
80,2026-01-05,KIT-005,33
81,2026-01-12,KIT-005,24
82,2026-01-19,KIT-005,27
83,2026-01-26,KIT-005,22
84,2026-02-02,KIT-005,24
85,2026-02-09,KIT-005,33
86,2026-02-16,KIT-005,30
87,2026-02-23,KIT-005,25
88,2026-03-02,KIT-005,23
89,2026-03-09,KIT-005,19
90,2026-03-16,KIT-005,25
91,2026-03-23,KIT-005,26
92,2026-03-30,KIT-005,25
93,2026-04-06,KIT-005,25
94,2026-04-13,KIT-005,21
95,2026-04-20,KIT-005,25
96,2026-04-27,KIT-005,25
97,2026-05-04,KIT-005,29
98,2026-05-11,KIT-005,30
99,2026-05-18,KIT-005,23
100,2026-05-25,KIT-005,21
101,2026-06-01,KIT-005,23
102,2026-06-08,KIT-005,21
103,2026-06-15,KIT-005,21
104,2026-06-22,KIT-005,23
1,2024-07-01,KIT-006,67
2,2024-07-08,KIT-006,53
3,2024-07-15,KIT-006,60
4,2024-07-22,KIT-006,51
5,2024-07-29,KIT-006,41
6,2024-08-05,KIT-006,37
7,2024-08-12,KIT-006,50
8,2024-08-19,KIT-006,44
9,2024-08-26,KIT-006,60
10,2024-09-02,KIT-006,55
11,2024-09-09,KIT-006,29
12,2024-09-16,KIT-006,56
13,2024-09-23,KIT-006,29
14,2024-09-30,KIT-006,43
15,2024-10-07,KIT-006,49
16,2024-10-14,KIT-006,15
17,2024-10-21,KIT-006,57
18,2024-10-28,KIT-006,58
19,2024-11-04,KIT-006,52
20,2024-11-11,KIT-006,47
21,2024-11-18,KIT-006,48
22,2024-11-25,KIT-006,36
23,2024-12-02,KIT-006,50
24,2024-12-09,KIT-006,44
25,2024-12-16,KIT-006,57
26,2024-12-23,KIT-006,32
27,2024-12-30,KIT-006,60
28,2025-01-06,KIT-006,58
29,2025-01-13,KIT-006,52
30,2025-01-20,KIT-006,47
31,2025-01-27,KIT-006,66
32,2025-02-03,KIT-006,23
33,2025-02-10,KIT-006,64
34,2025-02-17,KIT-006,60
35,2025-02-24,KIT-006,60
36,2025-03-03,KIT-006,62
37,2025-03-10,KIT-006,42
38,2025-03-17,KIT-006,50
39,2025-03-24,KIT-006,67
40,2025-03-31,KIT-006,63
41,2025-04-07,KIT-006,59
42,2025-04-14,KIT-006,26
43,2025-04-21,KIT-006,65
44,2025-04-28,KIT-006,78
45,2025-05-05,KIT-006,74
46,2025-05-12,KIT-006,60
47,2025-05-19,KIT-006,25
48,2025-05-26,KIT-006,73
49,2025-06-02,KIT-006,52
50,2025-06-09,KIT-006,6
51,2025-06-16,KIT-006,62
52,2025-06-23,KIT-006,26
53,2025-06-30,KIT-006,30
54,2025-07-07,KIT-006,43
55,2025-07-14,KIT-006,80
56,2025-07-21,KIT-006,48
57,2025-07-28,KIT-006,60
58,2025-08-04,KIT-006,89
59,2025-08-11,KIT-006,86
60,2025-08-18,KIT-006,53
61,2025-08-25,KIT-006,50
62,2025-09-01,KIT-006,31
63,2025-09-08,KIT-006,42
64,2025-09-15,KIT-006,63
65,2025-09-22,KIT-006,63
66,2025-09-29,KIT-006,57
67,2025-10-06,KIT-006,74
68,2025-10-13,KIT-006,40
69,2025-10-20,KIT-006,54
70,2025-10-27,KIT-006,69
71,2025-11-03,KIT-006,66
72,2025-11-10,KIT-006,76
73,2025-11-17,KIT-006,63
74,2025-11-24,KIT-006,49
75,2025-12-01,KIT-006,62
76,2025-12-08,KIT-006,36
77,2025-12-15,KIT-006,23
78,2025-12-22,KIT-006,66
79,2025-12-29,KIT-006,54
80,2026-01-05,KIT-006,61
81,2026-01-12,KIT-006,22
82,2026-01-19,KIT-006,48
83,2026-01-26,KIT-006,43
84,2026-02-02,KIT-006,38
85,2026-02-09,KIT-006,11
86,2026-02-16,KIT-006,49
87,2026-02-23,KIT-006,72
88,2026-03-02,KIT-006,62
89,2026-03-09,KIT-006,43
90,2026-03-16,KIT-006,55
91,2026-03-23,KIT-006,70
92,2026-03-30,KIT-006,2
93,2026-04-06,KIT-006,53
94,2026-04-13,KIT-006,65
95,2026-04-20,KIT-006,68
96,2026-04-27,KIT-006,88
97,2026-05-04,KIT-006,77
98,2026-05-11,KIT-006,61
99,2026-05-18,KIT-006,61
100,2026-05-25,KIT-006,70
101,2026-06-01,KIT-006,45
102,2026-06-08,KIT-006,54
103,2026-06-15,KIT-006,72
104,2026-06-22,KIT-006,93
1,2024-07-01,KIT-007,8
2,2024-07-08,KIT-007,9
3,2024-07-15,KIT-007,3
4,2024-07-22,KIT-007,6
5,2024-07-29,KIT-007,6
6,2024-08-05,KIT-007,5
7,2024-08-12,KIT-007,7
8,2024-08-19,KIT-007,3
9,2024-08-26,KIT-007,11
10,2024-09-02,KIT-007,7
11,2024-09-09,KIT-007,8
12,2024-09-16,KIT-007,5
13,2024-09-23,KIT-007,5
14,2024-09-30,KIT-007,7
15,2024-10-07,KIT-007,5
16,2024-10-14,KIT-007,6
17,2024-10-21,KIT-007,5
18,2024-10-28,KIT-007,4
19,2024-11-04,KIT-007,8
20,2024-11-11,KIT-007,8
21,2024-11-18,KIT-007,5
22,2024-11-25,KIT-007,9
23,2024-12-02,KIT-007,14
24,2024-12-09,KIT-007,4
25,2024-12-16,KIT-007,8
26,2024-12-23,KIT-007,6
27,2024-12-30,KIT-007,5
28,2025-01-06,KIT-007,7
29,2025-01-13,KIT-007,7
30,2025-01-20,KIT-007,5
31,2025-01-27,KIT-007,3
32,2025-02-03,KIT-007,2
33,2025-02-10,KIT-007,4
34,2025-02-17,KIT-007,6
35,2025-02-24,KIT-007,2
36,2025-03-03,KIT-007,6
37,2025-03-10,KIT-007,10
38,2025-03-17,KIT-007,2
39,2025-03-24,KIT-007,6
40,2025-03-31,KIT-007,7
41,2025-04-07,KIT-007,10
42,2025-04-14,KIT-007,4
43,2025-04-21,KIT-007,8
44,2025-04-28,KIT-007,5
45,2025-05-05,KIT-007,6
46,2025-05-12,KIT-007,2
47,2025-05-19,KIT-007,9
48,2025-05-26,KIT-007,8
49,2025-06-02,KIT-007,6
50,2025-06-09,KIT-007,11
51,2025-06-16,KIT-007,5
52,2025-06-23,KIT-007,4
53,2025-06-30,KIT-007,5
54,2025-07-07,KIT-007,9
55,2025-07-14,KIT-007,6
56,2025-07-21,KIT-007,3
57,2025-07-28,KIT-007,5
58,2025-08-04,KIT-007,10
59,2025-08-11,KIT-007,10
60,2025-08-18,KIT-007,12
61,2025-08-25,KIT-007,5
62,2025-09-01,KIT-007,8
63,2025-09-08,KIT-007,9
64,2025-09-15,KIT-007,5
65,2025-09-22,KIT-007,8
66,2025-09-29,KIT-007,8
67,2025-10-06,KIT-007,5
68,2025-10-13,KIT-007,8
69,2025-10-20,KIT-007,8
70,2025-10-27,KIT-007,10
71,2025-11-03,KIT-007,6
72,2025-11-10,KIT-007,7
73,2025-11-17,KIT-007,9
74,2025-11-24,KIT-007,7
75,2025-12-01,KIT-007,7
76,2025-12-08,KIT-007,0
77,2025-12-15,KIT-007,11
78,2025-12-22,KIT-007,11
79,2025-12-29,KIT-007,3
80,2026-01-05,KIT-007,6
81,2026-01-12,KIT-007,5
82,2026-01-19,KIT-007,4
83,2026-01-26,KIT-007,8
84,2026-02-02,KIT-007,5
85,2026-02-09,KIT-007,10
86,2026-02-16,KIT-007,7
87,2026-02-23,KIT-007,12
88,2026-03-02,KIT-007,5
89,2026-03-09,KIT-007,9
90,2026-03-16,KIT-007,7
91,2026-03-23,KIT-007,7
92,2026-03-30,KIT-007,11
93,2026-04-06,KIT-007,6
94,2026-04-13,KIT-007,4
95,2026-04-20,KIT-007,7
96,2026-04-27,KIT-007,7
97,2026-05-04,KIT-007,12
98,2026-05-11,KIT-007,5
99,2026-05-18,KIT-007,7
100,2026-05-25,KIT-007,13
101,2026-06-01,KIT-007,7
102,2026-06-08,KIT-007,9
103,2026-06-15,KIT-007,9
104,2026-06-22,KIT-007,9
1,2024-07-01,KIT-008,46
2,2024-07-08,KIT-008,50
3,2024-07-15,KIT-008,42
4,2024-07-22,KIT-008,37
5,2024-07-29,KIT-008,43
6,2024-08-05,KIT-008,39
7,2024-08-12,KIT-008,43
8,2024-08-19,KIT-008,41
9,2024-08-26,KIT-008,41
10,2024-09-02,KIT-008,43
11,2024-09-09,KIT-008,38
12,2024-09-16,KIT-008,38
13,2024-09-23,KIT-008,33
14,2024-09-30,KIT-008,38
15,2024-10-07,KIT-008,34
16,2024-10-14,KIT-008,39
17,2024-10-21,KIT-008,36
18,2024-10-28,KIT-008,40
19,2024-11-04,KIT-008,42
20,2024-11-11,KIT-008,34
21,2024-11-18,KIT-008,37
22,2024-11-25,KIT-008,36
23,2024-12-02,KIT-008,43
24,2024-12-09,KIT-008,47
25,2024-12-16,KIT-008,44
26,2024-12-23,KIT-008,39
27,2024-12-30,KIT-008,46
28,2025-01-06,KIT-008,34
29,2025-01-13,KIT-008,46
30,2025-01-20,KIT-008,37
31,2025-01-27,KIT-008,28
32,2025-02-03,KIT-008,51
33,2025-02-10,KIT-008,47
34,2025-02-17,KIT-008,36
35,2025-02-24,KIT-008,41
36,2025-03-03,KIT-008,39
37,2025-03-10,KIT-008,40
38,2025-03-17,KIT-008,34
39,2025-03-24,KIT-008,37
40,2025-03-31,KIT-008,42
41,2025-04-07,KIT-008,41
42,2025-04-14,KIT-008,45
43,2025-04-21,KIT-008,40
44,2025-04-28,KIT-008,50
45,2025-05-05,KIT-008,37
46,2025-05-12,KIT-008,41
47,2025-05-19,KIT-008,32
48,2025-05-26,KIT-008,35
49,2025-06-02,KIT-008,46
50,2025-06-09,KIT-008,36
51,2025-06-16,KIT-008,42
52,2025-06-23,KIT-008,40
53,2025-06-30,KIT-008,36
54,2025-07-07,KIT-008,39
55,2025-07-14,KIT-008,38
56,2025-07-21,KIT-008,38
57,2025-07-28,KIT-008,43
58,2025-08-04,KIT-008,43
59,2025-08-11,KIT-008,38
60,2025-08-18,KIT-008,36
61,2025-08-25,KIT-008,41
62,2025-09-01,KIT-008,40
63,2025-09-08,KIT-008,44
64,2025-09-15,KIT-008,51
65,2025-09-22,KIT-008,44
66,2025-09-29,KIT-008,40
67,2025-10-06,KIT-008,39
68,2025-10-13,KIT-008,36
69,2025-10-20,KIT-008,36
70,2025-10-27,KIT-008,36
71,2025-11-03,KIT-008,38
72,2025-11-10,KIT-008,38
73,2025-11-17,KIT-008,43
74,2025-11-24,KIT-008,38
75,2025-12-01,KIT-008,39
76,2025-12-08,KIT-008,35
77,2025-12-15,KIT-008,47
78,2025-12-22,KIT-008,42
79,2025-12-29,KIT-008,48
80,2026-01-05,KIT-008,43
81,2026-01-12,KIT-008,46
82,2026-01-19,KIT-008,39
83,2026-01-26,KIT-008,43
84,2026-02-02,KIT-008,51
85,2026-02-09,KIT-008,35
86,2026-02-16,KIT-008,45
87,2026-02-23,KIT-008,47
88,2026-03-02,KIT-008,42
89,2026-03-09,KIT-008,43
90,2026-03-16,KIT-008,45
91,2026-03-23,KIT-008,37
92,2026-03-30,KIT-008,42
93,2026-04-06,KIT-008,36
94,2026-04-13,KIT-008,37
95,2026-04-20,KIT-008,37
96,2026-04-27,KIT-008,39
97,2026-05-04,KIT-008,41
98,2026-05-11,KIT-008,42
99,2026-05-18,KIT-008,34
100,2026-05-25,KIT-008,49
101,2026-06-01,KIT-008,45
102,2026-06-08,KIT-008,43
103,2026-06-15,KIT-008,38
104,2026-06-22,KIT-008,40
1,2024-07-01,KIT-009,21
2,2024-07-08,KIT-009,21
3,2024-07-15,KIT-009,15
4,2024-07-22,KIT-009,22
5,2024-07-29,KIT-009,29
6,2024-08-05,KIT-009,15
7,2024-08-12,KIT-009,24
8,2024-08-19,KIT-009,22
9,2024-08-26,KIT-009,21
10,2024-09-02,KIT-009,26
11,2024-09-09,KIT-009,18
12,2024-09-16,KIT-009,22
13,2024-09-23,KIT-009,27
14,2024-09-30,KIT-009,22
15,2024-10-07,KIT-009,21
16,2024-10-14,KIT-009,23
17,2024-10-21,KIT-009,22
18,2024-10-28,KIT-009,28
19,2024-11-04,KIT-009,20
20,2024-11-11,KIT-009,27
21,2024-11-18,KIT-009,20
22,2024-11-25,KIT-009,26
23,2024-12-02,KIT-009,24
24,2024-12-09,KIT-009,15
25,2024-12-16,KIT-009,25
26,2024-12-23,KIT-009,21
27,2024-12-30,KIT-009,24
28,2025-01-06,KIT-009,31
29,2025-01-13,KIT-009,21
30,2025-01-20,KIT-009,22
31,2025-01-27,KIT-009,31
32,2025-02-03,KIT-009,27
33,2025-02-10,KIT-009,32
34,2025-02-17,KIT-009,28
35,2025-02-24,KIT-009,24
36,2025-03-03,KIT-009,27
37,2025-03-10,KIT-009,32
38,2025-03-17,KIT-009,31
39,2025-03-24,KIT-009,28
40,2025-03-31,KIT-009,28
41,2025-04-07,KIT-009,28
42,2025-04-14,KIT-009,26
43,2025-04-21,KIT-009,37
44,2025-04-28,KIT-009,29
45,2025-05-05,KIT-009,24
46,2025-05-12,KIT-009,27
47,2025-05-19,KIT-009,33
48,2025-05-26,KIT-009,33
49,2025-06-02,KIT-009,29
50,2025-06-09,KIT-009,27
51,2025-06-16,KIT-009,31
52,2025-06-23,KIT-009,23
53,2025-06-30,KIT-009,25
54,2025-07-07,KIT-009,35
55,2025-07-14,KIT-009,29
56,2025-07-21,KIT-009,33
57,2025-07-28,KIT-009,37
58,2025-08-04,KIT-009,35
59,2025-08-11,KIT-009,32
60,2025-08-18,KIT-009,42
61,2025-08-25,KIT-009,36
62,2025-09-01,KIT-009,31
63,2025-09-08,KIT-009,37
64,2025-09-15,KIT-009,35
65,2025-09-22,KIT-009,29
66,2025-09-29,KIT-009,34
67,2025-10-06,KIT-009,33
68,2025-10-13,KIT-009,24
69,2025-10-20,KIT-009,34
70,2025-10-27,KIT-009,33
71,2025-11-03,KIT-009,33
72,2025-11-10,KIT-009,27
73,2025-11-17,KIT-009,33
74,2025-11-24,KIT-009,35
75,2025-12-01,KIT-009,36
76,2025-12-08,KIT-009,30
77,2025-12-15,KIT-009,39
78,2025-12-22,KIT-009,30
79,2025-12-29,KIT-009,35
80,2026-01-05,KIT-009,44
81,2026-01-12,KIT-009,33
82,2026-01-19,KIT-009,34
83,2026-01-26,KIT-009,43
84,2026-02-02,KIT-009,36
85,2026-02-09,KIT-009,36
86,2026-02-16,KIT-009,39
87,2026-02-23,KIT-009,44
88,2026-03-02,KIT-009,26
89,2026-03-09,KIT-009,34
90,2026-03-16,KIT-009,33
91,2026-03-23,KIT-009,33
92,2026-03-30,KIT-009,35
93,2026-04-06,KIT-009,35
94,2026-04-13,KIT-009,42
95,2026-04-20,KIT-009,35
96,2026-04-27,KIT-009,41
97,2026-05-04,KIT-009,43
98,2026-05-11,KIT-009,36
99,2026-05-18,KIT-009,42
100,2026-05-25,KIT-009,51
101,2026-06-01,KIT-009,43
102,2026-06-08,KIT-009,38
103,2026-06-15,KIT-009,41
104,2026-06-22,KIT-009,36
1,2024-07-01,KIT-010,109
2,2024-07-08,KIT-010,92
3,2024-07-15,KIT-010,98
4,2024-07-22,KIT-010,111
5,2024-07-29,KIT-010,95
6,2024-08-05,KIT-010,102
7,2024-08-12,KIT-010,89
8,2024-08-19,KIT-010,92
9,2024-08-26,KIT-010,95
10,2024-09-02,KIT-010,122
11,2024-09-09,KIT-010,96
12,2024-09-16,KIT-010,95
13,2024-09-23,KIT-010,94
14,2024-09-30,KIT-010,98
15,2024-10-07,KIT-010,107
16,2024-10-14,KIT-010,102
17,2024-10-21,KIT-010,121
18,2024-10-28,KIT-010,102
19,2024-11-04,KIT-010,115
20,2024-11-11,KIT-010,103
21,2024-11-18,KIT-010,106
22,2024-11-25,KIT-010,85
23,2024-12-02,KIT-010,99
24,2024-12-09,KIT-010,99
25,2024-12-16,KIT-010,98
26,2024-12-23,KIT-010,78
27,2024-12-30,KIT-010,109
28,2025-01-06,KIT-010,96
29,2025-01-13,KIT-010,96
30,2025-01-20,KIT-010,97
31,2025-01-27,KIT-010,98
32,2025-02-03,KIT-010,104
33,2025-02-10,KIT-010,87
34,2025-02-17,KIT-010,91
35,2025-02-24,KIT-010,103
36,2025-03-03,KIT-010,101
37,2025-03-10,KIT-010,96
38,2025-03-17,KIT-010,94
39,2025-03-24,KIT-010,92
40,2025-03-31,KIT-010,99
41,2025-04-07,KIT-010,112
42,2025-04-14,KIT-010,89
43,2025-04-21,KIT-010,115
44,2025-04-28,KIT-010,108
45,2025-05-05,KIT-010,95
46,2025-05-12,KIT-010,108
47,2025-05-19,KIT-010,85
48,2025-05-26,KIT-010,83
49,2025-06-02,KIT-010,87
50,2025-06-09,KIT-010,96
51,2025-06-16,KIT-010,97
52,2025-06-23,KIT-010,95
53,2025-06-30,KIT-010,101
54,2025-07-07,KIT-010,79
55,2025-07-14,KIT-010,105
56,2025-07-21,KIT-010,86
57,2025-07-28,KIT-010,93
58,2025-08-04,KIT-010,96
59,2025-08-11,KIT-010,88
60,2025-08-18,KIT-010,86
61,2025-08-25,KIT-010,90
62,2025-09-01,KIT-010,100
63,2025-09-08,KIT-010,106
64,2025-09-15,KIT-010,106
65,2025-09-22,KIT-010,90
66,2025-09-29,KIT-010,92
67,2025-10-06,KIT-010,91
68,2025-10-13,KIT-010,105
69,2025-10-20,KIT-010,79
70,2025-10-27,KIT-010,112
71,2025-11-03,KIT-010,95
72,2025-11-10,KIT-010,92
73,2025-11-17,KIT-010,103
74,2025-11-24,KIT-010,110
75,2025-12-01,KIT-010,103
76,2025-12-08,KIT-010,111
77,2025-12-15,KIT-010,101
78,2025-12-22,KIT-010,112
79,2025-12-29,KIT-010,113
80,2026-01-05,KIT-010,99
81,2026-01-12,KIT-010,114
82,2026-01-19,KIT-010,102
83,2026-01-26,KIT-010,101
84,2026-02-02,KIT-010,91
85,2026-02-09,KIT-010,97
86,2026-02-16,KIT-010,108
87,2026-02-23,KIT-010,87
88,2026-03-02,KIT-010,107
89,2026-03-09,KIT-010,104
90,2026-03-16,KIT-010,103
91,2026-03-23,KIT-010,78
92,2026-03-30,KIT-010,99
93,2026-04-06,KIT-010,107
94,2026-04-13,KIT-010,92
95,2026-04-20,KIT-010,101
96,2026-04-27,KIT-010,76
97,2026-05-04,KIT-010,107
98,2026-05-11,KIT-010,93
99,2026-05-18,KIT-010,109
100,2026-05-25,KIT-010,81
101,2026-06-01,KIT-010,107
102,2026-06-08,KIT-010,98
103,2026-06-15,KIT-010,108
104,2026-06-22,KIT-010,91
1,2024-07-01,BTH-001,159
2,2024-07-08,BTH-001,105
3,2024-07-15,BTH-001,108
4,2024-07-22,BTH-001,115
5,2024-07-29,BTH-001,102
6,2024-08-05,BTH-001,141
7,2024-08-12,BTH-001,150
8,2024-08-19,BTH-001,108
9,2024-08-26,BTH-001,90
10,2024-09-02,BTH-001,141
11,2024-09-09,BTH-001,139
12,2024-09-16,BTH-001,134
13,2024-09-23,BTH-001,140
14,2024-09-30,BTH-001,105
15,2024-10-07,BTH-001,117
16,2024-10-14,BTH-001,96
17,2024-10-21,BTH-001,95
18,2024-10-28,BTH-001,137
19,2024-11-04,BTH-001,108
20,2024-11-11,BTH-001,160
21,2024-11-18,BTH-001,121
22,2024-11-25,BTH-001,109
23,2024-12-02,BTH-001,134
24,2024-12-09,BTH-001,152
25,2024-12-16,BTH-001,129
26,2024-12-23,BTH-001,99
27,2024-12-30,BTH-001,127
28,2025-01-06,BTH-001,144
29,2025-01-13,BTH-001,111
30,2025-01-20,BTH-001,106
31,2025-01-27,BTH-001,138
32,2025-02-03,BTH-001,122
33,2025-02-10,BTH-001,101
34,2025-02-17,BTH-001,113
35,2025-02-24,BTH-001,107
36,2025-03-03,BTH-001,125
37,2025-03-10,BTH-001,122
38,2025-03-17,BTH-001,140
39,2025-03-24,BTH-001,132
40,2025-03-31,BTH-001,93
41,2025-04-07,BTH-001,127
42,2025-04-14,BTH-001,136
43,2025-04-21,BTH-001,128
44,2025-04-28,BTH-001,138
45,2025-05-05,BTH-001,110
46,2025-05-12,BTH-001,103
47,2025-05-19,BTH-001,136
48,2025-05-26,BTH-001,101
49,2025-06-02,BTH-001,82
50,2025-06-09,BTH-001,138
51,2025-06-16,BTH-001,107
52,2025-06-23,BTH-001,115
53,2025-06-30,BTH-001,95
54,2025-07-07,BTH-001,97
55,2025-07-14,BTH-001,100
56,2025-07-21,BTH-001,114
57,2025-07-28,BTH-001,127
58,2025-08-04,BTH-001,80
59,2025-08-11,BTH-001,133
60,2025-08-18,BTH-001,99
61,2025-08-25,BTH-001,101
62,2025-09-01,BTH-001,132
63,2025-09-08,BTH-001,119
64,2025-09-15,BTH-001,93
65,2025-09-22,BTH-001,152
66,2025-09-29,BTH-001,105
67,2025-10-06,BTH-001,124
68,2025-10-13,BTH-001,124
69,2025-10-20,BTH-001,145
70,2025-10-27,BTH-001,112
71,2025-11-03,BTH-001,138
72,2025-11-10,BTH-001,107
73,2025-11-17,BTH-001,140
74,2025-11-24,BTH-001,107
75,2025-12-01,BTH-001,114
76,2025-12-08,BTH-001,153
77,2025-12-15,BTH-001,126
78,2025-12-22,BTH-001,122
79,2025-12-29,BTH-001,159
80,2026-01-05,BTH-001,126
81,2026-01-12,BTH-001,106
82,2026-01-19,BTH-001,133
83,2026-01-26,BTH-001,99
84,2026-02-02,BTH-001,140
85,2026-02-09,BTH-001,141
86,2026-02-16,BTH-001,110
87,2026-02-23,BTH-001,109
88,2026-03-02,BTH-001,123
89,2026-03-09,BTH-001,120
90,2026-03-16,BTH-001,103
91,2026-03-23,BTH-001,130
92,2026-03-30,BTH-001,84
93,2026-04-06,BTH-001,112
94,2026-04-13,BTH-001,113
95,2026-04-20,BTH-001,115
96,2026-04-27,BTH-001,125
97,2026-05-04,BTH-001,98
98,2026-05-11,BTH-001,130
99,2026-05-18,BTH-001,117
100,2026-05-25,BTH-001,109
101,2026-06-01,BTH-001,96
102,2026-06-08,BTH-001,99
103,2026-06-15,BTH-001,126
104,2026-06-22,BTH-001,103
1,2024-07-01,BTH-002,166
2,2024-07-08,BTH-002,166
3,2024-07-15,BTH-002,173
4,2024-07-22,BTH-002,146
5,2024-07-29,BTH-002,134
6,2024-08-05,BTH-002,165
7,2024-08-12,BTH-002,155
8,2024-08-19,BTH-002,167
9,2024-08-26,BTH-002,150
10,2024-09-02,BTH-002,168
11,2024-09-09,BTH-002,163
12,2024-09-16,BTH-002,161
13,2024-09-23,BTH-002,158
14,2024-09-30,BTH-002,156
15,2024-10-07,BTH-002,154
16,2024-10-14,BTH-002,153
17,2024-10-21,BTH-002,165
18,2024-10-28,BTH-002,142
19,2024-11-04,BTH-002,176
20,2024-11-11,BTH-002,148
21,2024-11-18,BTH-002,165
22,2024-11-25,BTH-002,149
23,2024-12-02,BTH-002,146
24,2024-12-09,BTH-002,181
25,2024-12-16,BTH-002,145
26,2024-12-23,BTH-002,131
27,2024-12-30,BTH-002,139
28,2025-01-06,BTH-002,145
29,2025-01-13,BTH-002,182
30,2025-01-20,BTH-002,153
31,2025-01-27,BTH-002,164
32,2025-02-03,BTH-002,135
33,2025-02-10,BTH-002,155
34,2025-02-17,BTH-002,160
35,2025-02-24,BTH-002,177
36,2025-03-03,BTH-002,140
37,2025-03-10,BTH-002,159
38,2025-03-17,BTH-002,155
39,2025-03-24,BTH-002,135
40,2025-03-31,BTH-002,150
41,2025-04-07,BTH-002,146
42,2025-04-14,BTH-002,115
43,2025-04-21,BTH-002,159
44,2025-04-28,BTH-002,158
45,2025-05-05,BTH-002,143
46,2025-05-12,BTH-002,130
47,2025-05-19,BTH-002,172
48,2025-05-26,BTH-002,154
49,2025-06-02,BTH-002,165
50,2025-06-09,BTH-002,171
51,2025-06-16,BTH-002,142
52,2025-06-23,BTH-002,162
53,2025-06-30,BTH-002,146
54,2025-07-07,BTH-002,149
55,2025-07-14,BTH-002,149
56,2025-07-21,BTH-002,150
57,2025-07-28,BTH-002,167
58,2025-08-04,BTH-002,152
59,2025-08-11,BTH-002,148
60,2025-08-18,BTH-002,146
61,2025-08-25,BTH-002,155
62,2025-09-01,BTH-002,137
63,2025-09-08,BTH-002,142
64,2025-09-15,BTH-002,149
65,2025-09-22,BTH-002,141
66,2025-09-29,BTH-002,148
67,2025-10-06,BTH-002,141
68,2025-10-13,BTH-002,180
69,2025-10-20,BTH-002,170
70,2025-10-27,BTH-002,157
71,2025-11-03,BTH-002,149
72,2025-11-10,BTH-002,183
73,2025-11-17,BTH-002,155
74,2025-11-24,BTH-002,149
75,2025-12-01,BTH-002,155
76,2025-12-08,BTH-002,155
77,2025-12-15,BTH-002,171
78,2025-12-22,BTH-002,150
79,2025-12-29,BTH-002,182
80,2026-01-05,BTH-002,137
81,2026-01-12,BTH-002,160
82,2026-01-19,BTH-002,135
83,2026-01-26,BTH-002,177
84,2026-02-02,BTH-002,145
85,2026-02-09,BTH-002,149
86,2026-02-16,BTH-002,164
87,2026-02-23,BTH-002,169
88,2026-03-02,BTH-002,133
89,2026-03-09,BTH-002,145
90,2026-03-16,BTH-002,129
91,2026-03-23,BTH-002,152
92,2026-03-30,BTH-002,148
93,2026-04-06,BTH-002,145
94,2026-04-13,BTH-002,140
95,2026-04-20,BTH-002,144
96,2026-04-27,BTH-002,139
97,2026-05-04,BTH-002,158
98,2026-05-11,BTH-002,173
99,2026-05-18,BTH-002,121
100,2026-05-25,BTH-002,148
101,2026-06-01,BTH-002,144
102,2026-06-08,BTH-002,157
103,2026-06-15,BTH-002,136
104,2026-06-22,BTH-002,148
1,2024-07-01,BTH-003,61
2,2024-07-08,BTH-003,52
3,2024-07-15,BTH-003,48
4,2024-07-22,BTH-003,56
5,2024-07-29,BTH-003,46
6,2024-08-05,BTH-003,26
7,2024-08-12,BTH-003,59
8,2024-08-19,BTH-003,54
9,2024-08-26,BTH-003,48
10,2024-09-02,BTH-003,65
11,2024-09-09,BTH-003,69
12,2024-09-16,BTH-003,33
13,2024-09-23,BTH-003,38
14,2024-09-30,BTH-003,74
15,2024-10-07,BTH-003,72
16,2024-10-14,BTH-003,39
17,2024-10-21,BTH-003,32
18,2024-10-28,BTH-003,40
19,2024-11-04,BTH-003,42
20,2024-11-11,BTH-003,26
21,2024-11-18,BTH-003,50
22,2024-11-25,BTH-003,31
23,2024-12-02,BTH-003,32
24,2024-12-09,BTH-003,64
25,2024-12-16,BTH-003,40
26,2024-12-23,BTH-003,49
27,2024-12-30,BTH-003,60
28,2025-01-06,BTH-003,62
29,2025-01-13,BTH-003,45
30,2025-01-20,BTH-003,51
31,2025-01-27,BTH-003,37
32,2025-02-03,BTH-003,77
33,2025-02-10,BTH-003,60
34,2025-02-17,BTH-003,33
35,2025-02-24,BTH-003,50
36,2025-03-03,BTH-003,61
37,2025-03-10,BTH-003,57
38,2025-03-17,BTH-003,78
39,2025-03-24,BTH-003,71
40,2025-03-31,BTH-003,42
41,2025-04-07,BTH-003,49
42,2025-04-14,BTH-003,31
43,2025-04-21,BTH-003,54
44,2025-04-28,BTH-003,52
45,2025-05-05,BTH-003,91
46,2025-05-12,BTH-003,51
47,2025-05-19,BTH-003,18
48,2025-05-26,BTH-003,40
49,2025-06-02,BTH-003,52
50,2025-06-09,BTH-003,31
51,2025-06-16,BTH-003,37
52,2025-06-23,BTH-003,44
53,2025-06-30,BTH-003,55
54,2025-07-07,BTH-003,47
55,2025-07-14,BTH-003,36
56,2025-07-21,BTH-003,62
57,2025-07-28,BTH-003,42
58,2025-08-04,BTH-003,42
59,2025-08-11,BTH-003,29
60,2025-08-18,BTH-003,38
61,2025-08-25,BTH-003,60
62,2025-09-01,BTH-003,25
63,2025-09-08,BTH-003,49
64,2025-09-15,BTH-003,61
65,2025-09-22,BTH-003,44
66,2025-09-29,BTH-003,54
67,2025-10-06,BTH-003,33
68,2025-10-13,BTH-003,70
69,2025-10-20,BTH-003,67
70,2025-10-27,BTH-003,54
71,2025-11-03,BTH-003,23
72,2025-11-10,BTH-003,34
73,2025-11-17,BTH-003,65
74,2025-11-24,BTH-003,76
75,2025-12-01,BTH-003,55
76,2025-12-08,BTH-003,69
77,2025-12-15,BTH-003,41
78,2025-12-22,BTH-003,47
79,2025-12-29,BTH-003,50
80,2026-01-05,BTH-003,56
81,2026-01-12,BTH-003,27
82,2026-01-19,BTH-003,64
83,2026-01-26,BTH-003,70
84,2026-02-02,BTH-003,33
85,2026-02-09,BTH-003,29
86,2026-02-16,BTH-003,55
87,2026-02-23,BTH-003,40
88,2026-03-02,BTH-003,14
89,2026-03-09,BTH-003,62
90,2026-03-16,BTH-003,52
91,2026-03-23,BTH-003,43
92,2026-03-30,BTH-003,82
93,2026-04-06,BTH-003,52
94,2026-04-13,BTH-003,39
95,2026-04-20,BTH-003,52
96,2026-04-27,BTH-003,34
97,2026-05-04,BTH-003,38
98,2026-05-11,BTH-003,56
99,2026-05-18,BTH-003,42
100,2026-05-25,BTH-003,43
101,2026-06-01,BTH-003,75
102,2026-06-08,BTH-003,63
103,2026-06-15,BTH-003,62
104,2026-06-22,BTH-003,58
1,2024-07-01,BTH-004,58
2,2024-07-08,BTH-004,65
3,2024-07-15,BTH-004,53
4,2024-07-22,BTH-004,67
5,2024-07-29,BTH-004,46
6,2024-08-05,BTH-004,51
7,2024-08-12,BTH-004,42
8,2024-08-19,BTH-004,50
9,2024-08-26,BTH-004,56
10,2024-09-02,BTH-004,62
11,2024-09-09,BTH-004,47
12,2024-09-16,BTH-004,51
13,2024-09-23,BTH-004,48
14,2024-09-30,BTH-004,45
15,2024-10-07,BTH-004,42
16,2024-10-14,BTH-004,50
17,2024-10-21,BTH-004,38
18,2024-10-28,BTH-004,50
19,2024-11-04,BTH-004,49
20,2024-11-11,BTH-004,44
21,2024-11-18,BTH-004,42
22,2024-11-25,BTH-004,39
23,2024-12-02,BTH-004,61
24,2024-12-09,BTH-004,39
25,2024-12-16,BTH-004,58
26,2024-12-23,BTH-004,51
27,2024-12-30,BTH-004,45
28,2025-01-06,BTH-004,39
29,2025-01-13,BTH-004,53
30,2025-01-20,BTH-004,57
31,2025-01-27,BTH-004,40
32,2025-02-03,BTH-004,44
33,2025-02-10,BTH-004,52
34,2025-02-17,BTH-004,47
35,2025-02-24,BTH-004,57
36,2025-03-03,BTH-004,41
37,2025-03-10,BTH-004,48
38,2025-03-17,BTH-004,36
39,2025-03-24,BTH-004,56
40,2025-03-31,BTH-004,39
41,2025-04-07,BTH-004,30
42,2025-04-14,BTH-004,42
43,2025-04-21,BTH-004,42
44,2025-04-28,BTH-004,54
45,2025-05-05,BTH-004,40
46,2025-05-12,BTH-004,42
47,2025-05-19,BTH-004,45
48,2025-05-26,BTH-004,50
49,2025-06-02,BTH-004,41
50,2025-06-09,BTH-004,47
51,2025-06-16,BTH-004,43
52,2025-06-23,BTH-004,38
53,2025-06-30,BTH-004,40
54,2025-07-07,BTH-004,40
55,2025-07-14,BTH-004,34
56,2025-07-21,BTH-004,46
57,2025-07-28,BTH-004,31
58,2025-08-04,BTH-004,45
59,2025-08-11,BTH-004,43
60,2025-08-18,BTH-004,37
61,2025-08-25,BTH-004,34
62,2025-09-01,BTH-004,36
63,2025-09-08,BTH-004,40
64,2025-09-15,BTH-004,41
65,2025-09-22,BTH-004,38
66,2025-09-29,BTH-004,41
67,2025-10-06,BTH-004,33
68,2025-10-13,BTH-004,37
69,2025-10-20,BTH-004,28
70,2025-10-27,BTH-004,39
71,2025-11-03,BTH-004,36
72,2025-11-10,BTH-004,33
73,2025-11-17,BTH-004,40
74,2025-11-24,BTH-004,37
75,2025-12-01,BTH-004,21
76,2025-12-08,BTH-004,34
77,2025-12-15,BTH-004,27
78,2025-12-22,BTH-004,38
79,2025-12-29,BTH-004,44
80,2026-01-05,BTH-004,30
81,2026-01-12,BTH-004,33
82,2026-01-19,BTH-004,31
83,2026-01-26,BTH-004,33
84,2026-02-02,BTH-004,34
85,2026-02-09,BTH-004,37
86,2026-02-16,BTH-004,27
87,2026-02-23,BTH-004,37
88,2026-03-02,BTH-004,26
89,2026-03-09,BTH-004,31
90,2026-03-16,BTH-004,35
91,2026-03-23,BTH-004,32
92,2026-03-30,BTH-004,25
93,2026-04-06,BTH-004,26
94,2026-04-13,BTH-004,27
95,2026-04-20,BTH-004,28
96,2026-04-27,BTH-004,33
97,2026-05-04,BTH-004,23
98,2026-05-11,BTH-004,29
99,2026-05-18,BTH-004,30
100,2026-05-25,BTH-004,29
101,2026-06-01,BTH-004,29
102,2026-06-08,BTH-004,32
103,2026-06-15,BTH-004,28
104,2026-06-22,BTH-004,29
1,2024-07-01,BTH-005,31
2,2024-07-08,BTH-005,8
3,2024-07-15,BTH-005,28
4,2024-07-22,BTH-005,18
5,2024-07-29,BTH-005,18
6,2024-08-05,BTH-005,14
7,2024-08-12,BTH-005,8
8,2024-08-19,BTH-005,18
9,2024-08-26,BTH-005,16
10,2024-09-02,BTH-005,23
11,2024-09-09,BTH-005,11
12,2024-09-16,BTH-005,29
13,2024-09-23,BTH-005,22
14,2024-09-30,BTH-005,18
15,2024-10-07,BTH-005,16
16,2024-10-14,BTH-005,15
17,2024-10-21,BTH-005,13
18,2024-10-28,BTH-005,17
19,2024-11-04,BTH-005,20
20,2024-11-11,BTH-005,19
21,2024-11-18,BTH-005,11
22,2024-11-25,BTH-005,18
23,2024-12-02,BTH-005,14
24,2024-12-09,BTH-005,21
25,2024-12-16,BTH-005,31
26,2024-12-23,BTH-005,24
27,2024-12-30,BTH-005,18
28,2025-01-06,BTH-005,10
29,2025-01-13,BTH-005,11
30,2025-01-20,BTH-005,10
31,2025-01-27,BTH-005,24
32,2025-02-03,BTH-005,15
33,2025-02-10,BTH-005,20
34,2025-02-17,BTH-005,16
35,2025-02-24,BTH-005,21
36,2025-03-03,BTH-005,29
37,2025-03-10,BTH-005,16
38,2025-03-17,BTH-005,18
39,2025-03-24,BTH-005,15
40,2025-03-31,BTH-005,25
41,2025-04-07,BTH-005,14
42,2025-04-14,BTH-005,13
43,2025-04-21,BTH-005,11
44,2025-04-28,BTH-005,11
45,2025-05-05,BTH-005,23
46,2025-05-12,BTH-005,36
47,2025-05-19,BTH-005,14
48,2025-05-26,BTH-005,26
49,2025-06-02,BTH-005,22
50,2025-06-09,BTH-005,13
51,2025-06-16,BTH-005,18
52,2025-06-23,BTH-005,19
53,2025-06-30,BTH-005,16
54,2025-07-07,BTH-005,32
55,2025-07-14,BTH-005,8
56,2025-07-21,BTH-005,22
57,2025-07-28,BTH-005,22
58,2025-08-04,BTH-005,16
59,2025-08-11,BTH-005,21
60,2025-08-18,BTH-005,25
61,2025-08-25,BTH-005,21
62,2025-09-01,BTH-005,23
63,2025-09-08,BTH-005,24
64,2025-09-15,BTH-005,7
65,2025-09-22,BTH-005,29
66,2025-09-29,BTH-005,34
67,2025-10-06,BTH-005,26
68,2025-10-13,BTH-005,26
69,2025-10-20,BTH-005,11
70,2025-10-27,BTH-005,19
71,2025-11-03,BTH-005,15
72,2025-11-10,BTH-005,16
73,2025-11-17,BTH-005,26
74,2025-11-24,BTH-005,15
75,2025-12-01,BTH-005,19
76,2025-12-08,BTH-005,8
77,2025-12-15,BTH-005,19
78,2025-12-22,BTH-005,21
79,2025-12-29,BTH-005,16
80,2026-01-05,BTH-005,16
81,2026-01-12,BTH-005,32
82,2026-01-19,BTH-005,13
83,2026-01-26,BTH-005,14
84,2026-02-02,BTH-005,15
85,2026-02-09,BTH-005,27
86,2026-02-16,BTH-005,33
87,2026-02-23,BTH-005,22
88,2026-03-02,BTH-005,16
89,2026-03-09,BTH-005,17
90,2026-03-16,BTH-005,27
91,2026-03-23,BTH-005,14
92,2026-03-30,BTH-005,29
93,2026-04-06,BTH-005,29
94,2026-04-13,BTH-005,20
95,2026-04-20,BTH-005,24
96,2026-04-27,BTH-005,25
97,2026-05-04,BTH-005,30
98,2026-05-11,BTH-005,14
99,2026-05-18,BTH-005,27
100,2026-05-25,BTH-005,18
101,2026-06-01,BTH-005,15
102,2026-06-08,BTH-005,21
103,2026-06-15,BTH-005,19
104,2026-06-22,BTH-005,14
1,2024-07-01,BTH-006,32
2,2024-07-08,BTH-006,40
3,2024-07-15,BTH-006,42
4,2024-07-22,BTH-006,37
5,2024-07-29,BTH-006,39
6,2024-08-05,BTH-006,33
7,2024-08-12,BTH-006,35
8,2024-08-19,BTH-006,36
9,2024-08-26,BTH-006,31
10,2024-09-02,BTH-006,31
11,2024-09-09,BTH-006,35
12,2024-09-16,BTH-006,34
13,2024-09-23,BTH-006,31
14,2024-09-30,BTH-006,36
15,2024-10-07,BTH-006,34
16,2024-10-14,BTH-006,39
17,2024-10-21,BTH-006,35
18,2024-10-28,BTH-006,34
19,2024-11-04,BTH-006,35
20,2024-11-11,BTH-006,34
21,2024-11-18,BTH-006,33
22,2024-11-25,BTH-006,34
23,2024-12-02,BTH-006,38
24,2024-12-09,BTH-006,37
25,2024-12-16,BTH-006,40
26,2024-12-23,BTH-006,29
27,2024-12-30,BTH-006,34
28,2025-01-06,BTH-006,33
29,2025-01-13,BTH-006,36
30,2025-01-20,BTH-006,33
31,2025-01-27,BTH-006,33
32,2025-02-03,BTH-006,38
33,2025-02-10,BTH-006,36
34,2025-02-17,BTH-006,31
35,2025-02-24,BTH-006,40
36,2025-03-03,BTH-006,39
37,2025-03-10,BTH-006,33
38,2025-03-17,BTH-006,38
39,2025-03-24,BTH-006,32
40,2025-03-31,BTH-006,39
41,2025-04-07,BTH-006,34
42,2025-04-14,BTH-006,32
43,2025-04-21,BTH-006,34
44,2025-04-28,BTH-006,32
45,2025-05-05,BTH-006,36
46,2025-05-12,BTH-006,36
47,2025-05-19,BTH-006,35
48,2025-05-26,BTH-006,33
49,2025-06-02,BTH-006,22
50,2025-06-09,BTH-006,35
51,2025-06-16,BTH-006,28
52,2025-06-23,BTH-006,36
53,2025-06-30,BTH-006,39
54,2025-07-07,BTH-006,36
55,2025-07-14,BTH-006,34
56,2025-07-21,BTH-006,34
57,2025-07-28,BTH-006,35
58,2025-08-04,BTH-006,33
59,2025-08-11,BTH-006,33
60,2025-08-18,BTH-006,32
61,2025-08-25,BTH-006,39
62,2025-09-01,BTH-006,35
63,2025-09-08,BTH-006,39
64,2025-09-15,BTH-006,34
65,2025-09-22,BTH-006,35
66,2025-09-29,BTH-006,34
67,2025-10-06,BTH-006,37
68,2025-10-13,BTH-006,38
69,2025-10-20,BTH-006,36
70,2025-10-27,BTH-006,33
71,2025-11-03,BTH-006,32
72,2025-11-10,BTH-006,41
73,2025-11-17,BTH-006,34
74,2025-11-24,BTH-006,34
75,2025-12-01,BTH-006,40
76,2025-12-08,BTH-006,39
77,2025-12-15,BTH-006,37
78,2025-12-22,BTH-006,34
79,2025-12-29,BTH-006,44
80,2026-01-05,BTH-006,36
81,2026-01-12,BTH-006,37
82,2026-01-19,BTH-006,34
83,2026-01-26,BTH-006,30
84,2026-02-02,BTH-006,30
85,2026-02-09,BTH-006,36
86,2026-02-16,BTH-006,36
87,2026-02-23,BTH-006,34
88,2026-03-02,BTH-006,31
89,2026-03-09,BTH-006,30
90,2026-03-16,BTH-006,34
91,2026-03-23,BTH-006,30
92,2026-03-30,BTH-006,38
93,2026-04-06,BTH-006,39
94,2026-04-13,BTH-006,45
95,2026-04-20,BTH-006,38
96,2026-04-27,BTH-006,33
97,2026-05-04,BTH-006,32
98,2026-05-11,BTH-006,22
99,2026-05-18,BTH-006,33
100,2026-05-25,BTH-006,34
101,2026-06-01,BTH-006,39
102,2026-06-08,BTH-006,37
103,2026-06-15,BTH-006,37
104,2026-06-22,BTH-006,36
1,2024-07-01,BTH-007,32
2,2024-07-08,BTH-007,36
3,2024-07-15,BTH-007,25
4,2024-07-22,BTH-007,28
5,2024-07-29,BTH-007,25
6,2024-08-05,BTH-007,38
7,2024-08-12,BTH-007,37
8,2024-08-19,BTH-007,35
9,2024-08-26,BTH-007,27
10,2024-09-02,BTH-007,33
11,2024-09-09,BTH-007,31
12,2024-09-16,BTH-007,33
13,2024-09-23,BTH-007,32
14,2024-09-30,BTH-007,36
15,2024-10-07,BTH-007,32
16,2024-10-14,BTH-007,38
17,2024-10-21,BTH-007,36
18,2024-10-28,BTH-007,33
19,2024-11-04,BTH-007,35
20,2024-11-11,BTH-007,33
21,2024-11-18,BTH-007,40
22,2024-11-25,BTH-007,35
23,2024-12-02,BTH-007,38
24,2024-12-09,BTH-007,35
25,2024-12-16,BTH-007,29
26,2024-12-23,BTH-007,42
27,2024-12-30,BTH-007,32
28,2025-01-06,BTH-007,42
29,2025-01-13,BTH-007,41
30,2025-01-20,BTH-007,30
31,2025-01-27,BTH-007,34
32,2025-02-03,BTH-007,37
33,2025-02-10,BTH-007,35
34,2025-02-17,BTH-007,33
35,2025-02-24,BTH-007,45
36,2025-03-03,BTH-007,39
37,2025-03-10,BTH-007,43
38,2025-03-17,BTH-007,39
39,2025-03-24,BTH-007,43
40,2025-03-31,BTH-007,38
41,2025-04-07,BTH-007,42
42,2025-04-14,BTH-007,46
43,2025-04-21,BTH-007,43
44,2025-04-28,BTH-007,41
45,2025-05-05,BTH-007,37
46,2025-05-12,BTH-007,45
47,2025-05-19,BTH-007,46
48,2025-05-26,BTH-007,43
49,2025-06-02,BTH-007,40
50,2025-06-09,BTH-007,49
51,2025-06-16,BTH-007,61
52,2025-06-23,BTH-007,44
53,2025-06-30,BTH-007,48
54,2025-07-07,BTH-007,49
55,2025-07-14,BTH-007,30
56,2025-07-21,BTH-007,48
57,2025-07-28,BTH-007,43
58,2025-08-04,BTH-007,57
59,2025-08-11,BTH-007,47
60,2025-08-18,BTH-007,43
61,2025-08-25,BTH-007,47
62,2025-09-01,BTH-007,50
63,2025-09-08,BTH-007,46
64,2025-09-15,BTH-007,50
65,2025-09-22,BTH-007,41
66,2025-09-29,BTH-007,49
67,2025-10-06,BTH-007,56
68,2025-10-13,BTH-007,65
69,2025-10-20,BTH-007,57
70,2025-10-27,BTH-007,54
71,2025-11-03,BTH-007,61
72,2025-11-10,BTH-007,60
73,2025-11-17,BTH-007,65
74,2025-11-24,BTH-007,61
75,2025-12-01,BTH-007,53
76,2025-12-08,BTH-007,56
77,2025-12-15,BTH-007,56
78,2025-12-22,BTH-007,57
79,2025-12-29,BTH-007,56
80,2026-01-05,BTH-007,49
81,2026-01-12,BTH-007,39
82,2026-01-19,BTH-007,51
83,2026-01-26,BTH-007,40
84,2026-02-02,BTH-007,57
85,2026-02-09,BTH-007,57
86,2026-02-16,BTH-007,44
87,2026-02-23,BTH-007,63
88,2026-03-02,BTH-007,65
89,2026-03-09,BTH-007,59
90,2026-03-16,BTH-007,72
91,2026-03-23,BTH-007,74
92,2026-03-30,BTH-007,49
93,2026-04-06,BTH-007,68
94,2026-04-13,BTH-007,63
95,2026-04-20,BTH-007,64
96,2026-04-27,BTH-007,68
97,2026-05-04,BTH-007,55
98,2026-05-11,BTH-007,56
99,2026-05-18,BTH-007,54
100,2026-05-25,BTH-007,55
101,2026-06-01,BTH-007,61
102,2026-06-08,BTH-007,50
103,2026-06-15,BTH-007,53
104,2026-06-22,BTH-007,68
1,2024-07-01,BTH-008,4
2,2024-07-08,BTH-008,10
3,2024-07-15,BTH-008,4
4,2024-07-22,BTH-008,4
5,2024-07-29,BTH-008,10
6,2024-08-05,BTH-008,6
7,2024-08-12,BTH-008,8
8,2024-08-19,BTH-008,11
9,2024-08-26,BTH-008,6
10,2024-09-02,BTH-008,3
11,2024-09-09,BTH-008,8
12,2024-09-16,BTH-008,5
13,2024-09-23,BTH-008,8
14,2024-09-30,BTH-008,4
15,2024-10-07,BTH-008,6
16,2024-10-14,BTH-008,6
17,2024-10-21,BTH-008,6
18,2024-10-28,BTH-008,4
19,2024-11-04,BTH-008,6
20,2024-11-11,BTH-008,3
21,2024-11-18,BTH-008,6
22,2024-11-25,BTH-008,7
23,2024-12-02,BTH-008,9
24,2024-12-09,BTH-008,3
25,2024-12-16,BTH-008,5
26,2024-12-23,BTH-008,7
27,2024-12-30,BTH-008,8
28,2025-01-06,BTH-008,10
29,2025-01-13,BTH-008,8
30,2025-01-20,BTH-008,6
31,2025-01-27,BTH-008,4
32,2025-02-03,BTH-008,5
33,2025-02-10,BTH-008,4
34,2025-02-17,BTH-008,7
35,2025-02-24,BTH-008,8
36,2025-03-03,BTH-008,8
37,2025-03-10,BTH-008,3
38,2025-03-17,BTH-008,4
39,2025-03-24,BTH-008,7
40,2025-03-31,BTH-008,5
41,2025-04-07,BTH-008,4
42,2025-04-14,BTH-008,11
43,2025-04-21,BTH-008,4
44,2025-04-28,BTH-008,7
45,2025-05-05,BTH-008,12
46,2025-05-12,BTH-008,3
47,2025-05-19,BTH-008,4
48,2025-05-26,BTH-008,5
49,2025-06-02,BTH-008,6
50,2025-06-09,BTH-008,3
51,2025-06-16,BTH-008,4
52,2025-06-23,BTH-008,6
53,2025-06-30,BTH-008,7
54,2025-07-07,BTH-008,7
55,2025-07-14,BTH-008,7
56,2025-07-21,BTH-008,7
57,2025-07-28,BTH-008,7
58,2025-08-04,BTH-008,5
59,2025-08-11,BTH-008,5
60,2025-08-18,BTH-008,2
61,2025-08-25,BTH-008,5
62,2025-09-01,BTH-008,8
63,2025-09-08,BTH-008,6
64,2025-09-15,BTH-008,4
65,2025-09-22,BTH-008,4
66,2025-09-29,BTH-008,6
67,2025-10-06,BTH-008,4
68,2025-10-13,BTH-008,5
69,2025-10-20,BTH-008,11
70,2025-10-27,BTH-008,6
71,2025-11-03,BTH-008,8
72,2025-11-10,BTH-008,8
73,2025-11-17,BTH-008,4
74,2025-11-24,BTH-008,7
75,2025-12-01,BTH-008,9
76,2025-12-08,BTH-008,7
77,2025-12-15,BTH-008,6
78,2025-12-22,BTH-008,6
79,2025-12-29,BTH-008,8
80,2026-01-05,BTH-008,9
81,2026-01-12,BTH-008,3
82,2026-01-19,BTH-008,3
83,2026-01-26,BTH-008,7
84,2026-02-02,BTH-008,5
85,2026-02-09,BTH-008,5
86,2026-02-16,BTH-008,7
87,2026-02-23,BTH-008,4
88,2026-03-02,BTH-008,2
89,2026-03-09,BTH-008,3
90,2026-03-16,BTH-008,8
91,2026-03-23,BTH-008,7
92,2026-03-30,BTH-008,9
93,2026-04-06,BTH-008,5
94,2026-04-13,BTH-008,4
95,2026-04-20,BTH-008,3
96,2026-04-27,BTH-008,8
97,2026-05-04,BTH-008,8
98,2026-05-11,BTH-008,10
99,2026-05-18,BTH-008,6
100,2026-05-25,BTH-008,7
101,2026-06-01,BTH-008,3
102,2026-06-08,BTH-008,7
103,2026-06-15,BTH-008,6
104,2026-06-22,BTH-008,5
1,2024-07-01,BTH-009,37
2,2024-07-08,BTH-009,40
3,2024-07-15,BTH-009,23
4,2024-07-22,BTH-009,35
5,2024-07-29,BTH-009,57
6,2024-08-05,BTH-009,29
7,2024-08-12,BTH-009,27
8,2024-08-19,BTH-009,23
9,2024-08-26,BTH-009,15
10,2024-09-02,BTH-009,42
11,2024-09-09,BTH-009,31
12,2024-09-16,BTH-009,33
13,2024-09-23,BTH-009,49
14,2024-09-30,BTH-009,56
15,2024-10-07,BTH-009,21
16,2024-10-14,BTH-009,41
17,2024-10-21,BTH-009,36
18,2024-10-28,BTH-009,34
19,2024-11-04,BTH-009,35
20,2024-11-11,BTH-009,30
21,2024-11-18,BTH-009,46
22,2024-11-25,BTH-009,36
23,2024-12-02,BTH-009,34
24,2024-12-09,BTH-009,43
25,2024-12-16,BTH-009,39
26,2024-12-23,BTH-009,35
27,2024-12-30,BTH-009,33
28,2025-01-06,BTH-009,48
29,2025-01-13,BTH-009,35
30,2025-01-20,BTH-009,29
31,2025-01-27,BTH-009,21
32,2025-02-03,BTH-009,26
33,2025-02-10,BTH-009,19
34,2025-02-17,BTH-009,31
35,2025-02-24,BTH-009,33
36,2025-03-03,BTH-009,9
37,2025-03-10,BTH-009,30
38,2025-03-17,BTH-009,37
39,2025-03-24,BTH-009,32
40,2025-03-31,BTH-009,20
41,2025-04-07,BTH-009,43
42,2025-04-14,BTH-009,23
43,2025-04-21,BTH-009,17
44,2025-04-28,BTH-009,19
45,2025-05-05,BTH-009,30
46,2025-05-12,BTH-009,40
47,2025-05-19,BTH-009,42
48,2025-05-26,BTH-009,32
49,2025-06-02,BTH-009,18
50,2025-06-09,BTH-009,23
51,2025-06-16,BTH-009,21
52,2025-06-23,BTH-009,28
53,2025-06-30,BTH-009,12
54,2025-07-07,BTH-009,31
55,2025-07-14,BTH-009,37
56,2025-07-21,BTH-009,28
57,2025-07-28,BTH-009,35
58,2025-08-04,BTH-009,20
59,2025-08-11,BTH-009,15
60,2025-08-18,BTH-009,23
61,2025-08-25,BTH-009,42
62,2025-09-01,BTH-009,41
63,2025-09-08,BTH-009,25
64,2025-09-15,BTH-009,42
65,2025-09-22,BTH-009,27
66,2025-09-29,BTH-009,46
67,2025-10-06,BTH-009,35
68,2025-10-13,BTH-009,25
69,2025-10-20,BTH-009,38
70,2025-10-27,BTH-009,22
71,2025-11-03,BTH-009,20
72,2025-11-10,BTH-009,15
73,2025-11-17,BTH-009,33
74,2025-11-24,BTH-009,29
75,2025-12-01,BTH-009,29
76,2025-12-08,BTH-009,26
77,2025-12-15,BTH-009,45
78,2025-12-22,BTH-009,26
79,2025-12-29,BTH-009,23
80,2026-01-05,BTH-009,43
81,2026-01-12,BTH-009,45
82,2026-01-19,BTH-009,33
83,2026-01-26,BTH-009,12
84,2026-02-02,BTH-009,24
85,2026-02-09,BTH-009,36
86,2026-02-16,BTH-009,30
87,2026-02-23,BTH-009,46
88,2026-03-02,BTH-009,16
89,2026-03-09,BTH-009,37
90,2026-03-16,BTH-009,24
91,2026-03-23,BTH-009,44
92,2026-03-30,BTH-009,29
93,2026-04-06,BTH-009,41
94,2026-04-13,BTH-009,23
95,2026-04-20,BTH-009,15
96,2026-04-27,BTH-009,19
97,2026-05-04,BTH-009,24
98,2026-05-11,BTH-009,19
99,2026-05-18,BTH-009,42
100,2026-05-25,BTH-009,44
101,2026-06-01,BTH-009,33
102,2026-06-08,BTH-009,19
103,2026-06-15,BTH-009,29
104,2026-06-22,BTH-009,23
1,2024-07-01,BTH-010,47
2,2024-07-08,BTH-010,41
3,2024-07-15,BTH-010,43
4,2024-07-22,BTH-010,38
5,2024-07-29,BTH-010,29
6,2024-08-05,BTH-010,37
7,2024-08-12,BTH-010,35
8,2024-08-19,BTH-010,44
9,2024-08-26,BTH-010,43
10,2024-09-02,BTH-010,38
11,2024-09-09,BTH-010,41
12,2024-09-16,BTH-010,53
13,2024-09-23,BTH-010,38
14,2024-09-30,BTH-010,39
15,2024-10-07,BTH-010,44
16,2024-10-14,BTH-010,41
17,2024-10-21,BTH-010,43
18,2024-10-28,BTH-010,50
19,2024-11-04,BTH-010,58
20,2024-11-11,BTH-010,36
21,2024-11-18,BTH-010,48
22,2024-11-25,BTH-010,48
23,2024-12-02,BTH-010,48
24,2024-12-09,BTH-010,48
25,2024-12-16,BTH-010,47
26,2024-12-23,BTH-010,57
27,2024-12-30,BTH-010,47
28,2025-01-06,BTH-010,50
29,2025-01-13,BTH-010,51
30,2025-01-20,BTH-010,52
31,2025-01-27,BTH-010,51
32,2025-02-03,BTH-010,60
33,2025-02-10,BTH-010,53
34,2025-02-17,BTH-010,55
35,2025-02-24,BTH-010,53
36,2025-03-03,BTH-010,47
37,2025-03-10,BTH-010,48
38,2025-03-17,BTH-010,47
39,2025-03-24,BTH-010,57
40,2025-03-31,BTH-010,50
41,2025-04-07,BTH-010,48
42,2025-04-14,BTH-010,59
43,2025-04-21,BTH-010,62
44,2025-04-28,BTH-010,44
45,2025-05-05,BTH-010,72
46,2025-05-12,BTH-010,59
47,2025-05-19,BTH-010,58
48,2025-05-26,BTH-010,68
49,2025-06-02,BTH-010,61
50,2025-06-09,BTH-010,55
51,2025-06-16,BTH-010,80
52,2025-06-23,BTH-010,52
53,2025-06-30,BTH-010,61
54,2025-07-07,BTH-010,70
55,2025-07-14,BTH-010,53
56,2025-07-21,BTH-010,62
57,2025-07-28,BTH-010,67
58,2025-08-04,BTH-010,85
59,2025-08-11,BTH-010,56
60,2025-08-18,BTH-010,64
61,2025-08-25,BTH-010,71
62,2025-09-01,BTH-010,66
63,2025-09-08,BTH-010,55
64,2025-09-15,BTH-010,70
65,2025-09-22,BTH-010,68
66,2025-09-29,BTH-010,72
67,2025-10-06,BTH-010,79
68,2025-10-13,BTH-010,78
69,2025-10-20,BTH-010,73
70,2025-10-27,BTH-010,72
71,2025-11-03,BTH-010,59
72,2025-11-10,BTH-010,69
73,2025-11-17,BTH-010,73
74,2025-11-24,BTH-010,67
75,2025-12-01,BTH-010,72
76,2025-12-08,BTH-010,63
77,2025-12-15,BTH-010,88
78,2025-12-22,BTH-010,95
79,2025-12-29,BTH-010,69
80,2026-01-05,BTH-010,78
81,2026-01-12,BTH-010,72
82,2026-01-19,BTH-010,88
83,2026-01-26,BTH-010,79
84,2026-02-02,BTH-010,76
85,2026-02-09,BTH-010,73
86,2026-02-16,BTH-010,77
87,2026-02-23,BTH-010,66
88,2026-03-02,BTH-010,84
89,2026-03-09,BTH-010,70
90,2026-03-16,BTH-010,84
91,2026-03-23,BTH-010,80
92,2026-03-30,BTH-010,91
93,2026-04-06,BTH-010,79
94,2026-04-13,BTH-010,91
95,2026-04-20,BTH-010,70
96,2026-04-27,BTH-010,87
97,2026-05-04,BTH-010,78
98,2026-05-11,BTH-010,84
99,2026-05-18,BTH-010,83
100,2026-05-25,BTH-010,93
101,2026-06-01,BTH-010,59
102,2026-06-08,BTH-010,87
103,2026-06-15,BTH-010,66
104,2026-06-22,BTH-010,98
1,2024-07-01,BED-001,34
2,2024-07-08,BED-001,31
3,2024-07-15,BED-001,49
4,2024-07-22,BED-001,33
5,2024-07-29,BED-001,41
6,2024-08-05,BED-001,37
7,2024-08-12,BED-001,30
8,2024-08-19,BED-001,38
9,2024-08-26,BED-001,44
10,2024-09-02,BED-001,39
11,2024-09-09,BED-001,45
12,2024-09-16,BED-001,38
13,2024-09-23,BED-001,40
14,2024-09-30,BED-001,38
15,2024-10-07,BED-001,42
16,2024-10-14,BED-001,51
17,2024-10-21,BED-001,42
18,2024-10-28,BED-001,41
19,2024-11-04,BED-001,36
20,2024-11-11,BED-001,36
21,2024-11-18,BED-001,48
22,2024-11-25,BED-001,34
23,2024-12-02,BED-001,35
24,2024-12-09,BED-001,39
25,2024-12-16,BED-001,38
26,2024-12-23,BED-001,51
27,2024-12-30,BED-001,27
28,2025-01-06,BED-001,42
29,2025-01-13,BED-001,44
30,2025-01-20,BED-001,34
31,2025-01-27,BED-001,36
32,2025-02-03,BED-001,42
33,2025-02-10,BED-001,49
34,2025-02-17,BED-001,35
35,2025-02-24,BED-001,31
36,2025-03-03,BED-001,46
37,2025-03-10,BED-001,49
38,2025-03-17,BED-001,38
39,2025-03-24,BED-001,27
40,2025-03-31,BED-001,48
41,2025-04-07,BED-001,39
42,2025-04-14,BED-001,46
43,2025-04-21,BED-001,40
44,2025-04-28,BED-001,38
45,2025-05-05,BED-001,37
46,2025-05-12,BED-001,48
47,2025-05-19,BED-001,48
48,2025-05-26,BED-001,28
49,2025-06-02,BED-001,35
50,2025-06-09,BED-001,50
51,2025-06-16,BED-001,38
52,2025-06-23,BED-001,32
53,2025-06-30,BED-001,40
54,2025-07-07,BED-001,39
55,2025-07-14,BED-001,39
56,2025-07-21,BED-001,37
57,2025-07-28,BED-001,38
58,2025-08-04,BED-001,37
59,2025-08-11,BED-001,42
60,2025-08-18,BED-001,35
61,2025-08-25,BED-001,38
62,2025-09-01,BED-001,39
63,2025-09-08,BED-001,47
64,2025-09-15,BED-001,42
65,2025-09-22,BED-001,39
66,2025-09-29,BED-001,43
67,2025-10-06,BED-001,42
68,2025-10-13,BED-001,46
69,2025-10-20,BED-001,43
70,2025-10-27,BED-001,50
71,2025-11-03,BED-001,48
72,2025-11-10,BED-001,40
73,2025-11-17,BED-001,38
74,2025-11-24,BED-001,45
75,2025-12-01,BED-001,43
76,2025-12-08,BED-001,39
77,2025-12-15,BED-001,32
78,2025-12-22,BED-001,30
79,2025-12-29,BED-001,42
80,2026-01-05,BED-001,44
81,2026-01-12,BED-001,45
82,2026-01-19,BED-001,33
83,2026-01-26,BED-001,46
84,2026-02-02,BED-001,37
85,2026-02-09,BED-001,42
86,2026-02-16,BED-001,42
87,2026-02-23,BED-001,35
88,2026-03-02,BED-001,37
89,2026-03-09,BED-001,28
90,2026-03-16,BED-001,35
91,2026-03-23,BED-001,30
92,2026-03-30,BED-001,42
93,2026-04-06,BED-001,40
94,2026-04-13,BED-001,45
95,2026-04-20,BED-001,42
96,2026-04-27,BED-001,36
97,2026-05-04,BED-001,42
98,2026-05-11,BED-001,38
99,2026-05-18,BED-001,43
100,2026-05-25,BED-001,42
101,2026-06-01,BED-001,34
102,2026-06-08,BED-001,40
103,2026-06-15,BED-001,40
104,2026-06-22,BED-001,38
1,2024-07-01,BED-002,106
2,2024-07-08,BED-002,80
3,2024-07-15,BED-002,81
4,2024-07-22,BED-002,57
5,2024-07-29,BED-002,83
6,2024-08-05,BED-002,80
7,2024-08-12,BED-002,58
8,2024-08-19,BED-002,89
9,2024-08-26,BED-002,92
10,2024-09-02,BED-002,76
11,2024-09-09,BED-002,80
12,2024-09-16,BED-002,73
13,2024-09-23,BED-002,95
14,2024-09-30,BED-002,66
15,2024-10-07,BED-002,81
16,2024-10-14,BED-002,109
17,2024-10-21,BED-002,86
18,2024-10-28,BED-002,91
19,2024-11-04,BED-002,83
20,2024-11-11,BED-002,70
21,2024-11-18,BED-002,85
22,2024-11-25,BED-002,90
23,2024-12-02,BED-002,72
24,2024-12-09,BED-002,89
25,2024-12-16,BED-002,101
26,2024-12-23,BED-002,98
27,2024-12-30,BED-002,65
28,2025-01-06,BED-002,73
29,2025-01-13,BED-002,65
30,2025-01-20,BED-002,98
31,2025-01-27,BED-002,93
32,2025-02-03,BED-002,94
33,2025-02-10,BED-002,74
34,2025-02-17,BED-002,70
35,2025-02-24,BED-002,86
36,2025-03-03,BED-002,86
37,2025-03-10,BED-002,74
38,2025-03-17,BED-002,87
39,2025-03-24,BED-002,93
40,2025-03-31,BED-002,88
41,2025-04-07,BED-002,72
42,2025-04-14,BED-002,59
43,2025-04-21,BED-002,82
44,2025-04-28,BED-002,87
45,2025-05-05,BED-002,82
46,2025-05-12,BED-002,80
47,2025-05-19,BED-002,76
48,2025-05-26,BED-002,94
49,2025-06-02,BED-002,84
50,2025-06-09,BED-002,87
51,2025-06-16,BED-002,73
52,2025-06-23,BED-002,77
53,2025-06-30,BED-002,87
54,2025-07-07,BED-002,72
55,2025-07-14,BED-002,69
56,2025-07-21,BED-002,81
57,2025-07-28,BED-002,100
58,2025-08-04,BED-002,87
59,2025-08-11,BED-002,103
60,2025-08-18,BED-002,83
61,2025-08-25,BED-002,81
62,2025-09-01,BED-002,68
63,2025-09-08,BED-002,78
64,2025-09-15,BED-002,103
65,2025-09-22,BED-002,89
66,2025-09-29,BED-002,94
67,2025-10-06,BED-002,94
68,2025-10-13,BED-002,85
69,2025-10-20,BED-002,82
70,2025-10-27,BED-002,86
71,2025-11-03,BED-002,93
72,2025-11-10,BED-002,91
73,2025-11-17,BED-002,91
74,2025-11-24,BED-002,87
75,2025-12-01,BED-002,75
76,2025-12-08,BED-002,82
77,2025-12-15,BED-002,73
78,2025-12-22,BED-002,98
79,2025-12-29,BED-002,59
80,2026-01-05,BED-002,82
81,2026-01-12,BED-002,115
82,2026-01-19,BED-002,81
83,2026-01-26,BED-002,71
84,2026-02-02,BED-002,85
85,2026-02-09,BED-002,101
86,2026-02-16,BED-002,83
87,2026-02-23,BED-002,93
88,2026-03-02,BED-002,86
89,2026-03-09,BED-002,80
90,2026-03-16,BED-002,124
91,2026-03-23,BED-002,86
92,2026-03-30,BED-002,78
93,2026-04-06,BED-002,79
94,2026-04-13,BED-002,90
95,2026-04-20,BED-002,90
96,2026-04-27,BED-002,95
97,2026-05-04,BED-002,87
98,2026-05-11,BED-002,67
99,2026-05-18,BED-002,92
100,2026-05-25,BED-002,81
101,2026-06-01,BED-002,81
102,2026-06-08,BED-002,67
103,2026-06-15,BED-002,78
104,2026-06-22,BED-002,76
1,2024-07-01,BED-003,23
2,2024-07-08,BED-003,51
3,2024-07-15,BED-003,52
4,2024-07-22,BED-003,29
5,2024-07-29,BED-003,39
6,2024-08-05,BED-003,34
7,2024-08-12,BED-003,67
8,2024-08-19,BED-003,4
9,2024-08-26,BED-003,44
10,2024-09-02,BED-003,19
11,2024-09-09,BED-003,42
12,2024-09-16,BED-003,66
13,2024-09-23,BED-003,38
14,2024-09-30,BED-003,53
15,2024-10-07,BED-003,34
16,2024-10-14,BED-003,86
17,2024-10-21,BED-003,67
18,2024-10-28,BED-003,71
19,2024-11-04,BED-003,26
20,2024-11-11,BED-003,30
21,2024-11-18,BED-003,70
22,2024-11-25,BED-003,46
23,2024-12-02,BED-003,45
24,2024-12-09,BED-003,56
25,2024-12-16,BED-003,27
26,2024-12-23,BED-003,64
27,2024-12-30,BED-003,50
28,2025-01-06,BED-003,59
29,2025-01-13,BED-003,38
30,2025-01-20,BED-003,59
31,2025-01-27,BED-003,37
32,2025-02-03,BED-003,68
33,2025-02-10,BED-003,71
34,2025-02-17,BED-003,67
35,2025-02-24,BED-003,59
36,2025-03-03,BED-003,62
37,2025-03-10,BED-003,0
38,2025-03-17,BED-003,65
39,2025-03-24,BED-003,45
40,2025-03-31,BED-003,52
41,2025-04-07,BED-003,45
42,2025-04-14,BED-003,24
43,2025-04-21,BED-003,40
44,2025-04-28,BED-003,62
45,2025-05-05,BED-003,76
46,2025-05-12,BED-003,39
47,2025-05-19,BED-003,33
48,2025-05-26,BED-003,77
49,2025-06-02,BED-003,34
50,2025-06-09,BED-003,88
51,2025-06-16,BED-003,51
52,2025-06-23,BED-003,34
53,2025-06-30,BED-003,68
54,2025-07-07,BED-003,81
55,2025-07-14,BED-003,24
56,2025-07-21,BED-003,79
57,2025-07-28,BED-003,45
58,2025-08-04,BED-003,77
59,2025-08-11,BED-003,43
60,2025-08-18,BED-003,21
61,2025-08-25,BED-003,59
62,2025-09-01,BED-003,67
63,2025-09-08,BED-003,89
64,2025-09-15,BED-003,82
65,2025-09-22,BED-003,63
66,2025-09-29,BED-003,46
67,2025-10-06,BED-003,40
68,2025-10-13,BED-003,45
69,2025-10-20,BED-003,35
70,2025-10-27,BED-003,45
71,2025-11-03,BED-003,3
72,2025-11-10,BED-003,53
73,2025-11-17,BED-003,49
74,2025-11-24,BED-003,97
75,2025-12-01,BED-003,64
76,2025-12-08,BED-003,41
77,2025-12-15,BED-003,60
78,2025-12-22,BED-003,27
79,2025-12-29,BED-003,39
80,2026-01-05,BED-003,16
81,2026-01-12,BED-003,76
82,2026-01-19,BED-003,61
83,2026-01-26,BED-003,28
84,2026-02-02,BED-003,49
85,2026-02-09,BED-003,67
86,2026-02-16,BED-003,59
87,2026-02-23,BED-003,57
88,2026-03-02,BED-003,34
89,2026-03-09,BED-003,38
90,2026-03-16,BED-003,52
91,2026-03-23,BED-003,67
92,2026-03-30,BED-003,35
93,2026-04-06,BED-003,29
94,2026-04-13,BED-003,71
95,2026-04-20,BED-003,33
96,2026-04-27,BED-003,70
97,2026-05-04,BED-003,54
98,2026-05-11,BED-003,66
99,2026-05-18,BED-003,82
100,2026-05-25,BED-003,63
101,2026-06-01,BED-003,64
102,2026-06-08,BED-003,33
103,2026-06-15,BED-003,37
104,2026-06-22,BED-003,62
1,2024-07-01,BED-004,43
2,2024-07-08,BED-004,43
3,2024-07-15,BED-004,48
4,2024-07-22,BED-004,39
5,2024-07-29,BED-004,38
6,2024-08-05,BED-004,43
7,2024-08-12,BED-004,38
8,2024-08-19,BED-004,38
9,2024-08-26,BED-004,33
10,2024-09-02,BED-004,45
11,2024-09-09,BED-004,34
12,2024-09-16,BED-004,43
13,2024-09-23,BED-004,32
14,2024-09-30,BED-004,47
15,2024-10-07,BED-004,35
16,2024-10-14,BED-004,47
17,2024-10-21,BED-004,33
18,2024-10-28,BED-004,40
19,2024-11-04,BED-004,50
20,2024-11-11,BED-004,38
21,2024-11-18,BED-004,44
22,2024-11-25,BED-004,41
23,2024-12-02,BED-004,30
24,2024-12-09,BED-004,47
25,2024-12-16,BED-004,48
26,2024-12-23,BED-004,39
27,2024-12-30,BED-004,50
28,2025-01-06,BED-004,41
29,2025-01-13,BED-004,40
30,2025-01-20,BED-004,47
31,2025-01-27,BED-004,43
32,2025-02-03,BED-004,64
33,2025-02-10,BED-004,38
34,2025-02-17,BED-004,54
35,2025-02-24,BED-004,56
36,2025-03-03,BED-004,36
37,2025-03-10,BED-004,38
38,2025-03-17,BED-004,55
39,2025-03-24,BED-004,48
40,2025-03-31,BED-004,54
41,2025-04-07,BED-004,60
42,2025-04-14,BED-004,49
43,2025-04-21,BED-004,45
44,2025-04-28,BED-004,33
45,2025-05-05,BED-004,55
46,2025-05-12,BED-004,47
47,2025-05-19,BED-004,57
48,2025-05-26,BED-004,56
49,2025-06-02,BED-004,44
50,2025-06-09,BED-004,69
51,2025-06-16,BED-004,64
52,2025-06-23,BED-004,63
53,2025-06-30,BED-004,47
54,2025-07-07,BED-004,54
55,2025-07-14,BED-004,53
56,2025-07-21,BED-004,54
57,2025-07-28,BED-004,49
58,2025-08-04,BED-004,62
59,2025-08-11,BED-004,61
60,2025-08-18,BED-004,62
61,2025-08-25,BED-004,56
62,2025-09-01,BED-004,71
63,2025-09-08,BED-004,62
64,2025-09-15,BED-004,38
65,2025-09-22,BED-004,56
66,2025-09-29,BED-004,61
67,2025-10-06,BED-004,71
68,2025-10-13,BED-004,60
69,2025-10-20,BED-004,61
70,2025-10-27,BED-004,58
71,2025-11-03,BED-004,70
72,2025-11-10,BED-004,60
73,2025-11-17,BED-004,59
74,2025-11-24,BED-004,58
75,2025-12-01,BED-004,70
76,2025-12-08,BED-004,61
77,2025-12-15,BED-004,51
78,2025-12-22,BED-004,72
79,2025-12-29,BED-004,60
80,2026-01-05,BED-004,71
81,2026-01-12,BED-004,71
82,2026-01-19,BED-004,80
83,2026-01-26,BED-004,79
84,2026-02-02,BED-004,63
85,2026-02-09,BED-004,68
86,2026-02-16,BED-004,57
87,2026-02-23,BED-004,87
88,2026-03-02,BED-004,75
89,2026-03-09,BED-004,85
90,2026-03-16,BED-004,68
91,2026-03-23,BED-004,51
92,2026-03-30,BED-004,88
93,2026-04-06,BED-004,74
94,2026-04-13,BED-004,74
95,2026-04-20,BED-004,74
96,2026-04-27,BED-004,80
97,2026-05-04,BED-004,80
98,2026-05-11,BED-004,58
99,2026-05-18,BED-004,86
100,2026-05-25,BED-004,70
101,2026-06-01,BED-004,71
102,2026-06-08,BED-004,95
103,2026-06-15,BED-004,86
104,2026-06-22,BED-004,73
1,2024-07-01,BED-005,18
2,2024-07-08,BED-005,25
3,2024-07-15,BED-005,26
4,2024-07-22,BED-005,24
5,2024-07-29,BED-005,20
6,2024-08-05,BED-005,21
7,2024-08-12,BED-005,19
8,2024-08-19,BED-005,24
9,2024-08-26,BED-005,26
10,2024-09-02,BED-005,27
11,2024-09-09,BED-005,21
12,2024-09-16,BED-005,24
13,2024-09-23,BED-005,25
14,2024-09-30,BED-005,21
15,2024-10-07,BED-005,22
16,2024-10-14,BED-005,29
17,2024-10-21,BED-005,23
18,2024-10-28,BED-005,25
19,2024-11-04,BED-005,21
20,2024-11-11,BED-005,22
21,2024-11-18,BED-005,17
22,2024-11-25,BED-005,22
23,2024-12-02,BED-005,25
24,2024-12-09,BED-005,28
25,2024-12-16,BED-005,25
26,2024-12-23,BED-005,23
27,2024-12-30,BED-005,21
28,2025-01-06,BED-005,19
29,2025-01-13,BED-005,20
30,2025-01-20,BED-005,23
31,2025-01-27,BED-005,18
32,2025-02-03,BED-005,23
33,2025-02-10,BED-005,18
34,2025-02-17,BED-005,15
35,2025-02-24,BED-005,17
36,2025-03-03,BED-005,15
37,2025-03-10,BED-005,16
38,2025-03-17,BED-005,23
39,2025-03-24,BED-005,19
40,2025-03-31,BED-005,20
41,2025-04-07,BED-005,23
42,2025-04-14,BED-005,23
43,2025-04-21,BED-005,18
44,2025-04-28,BED-005,23
45,2025-05-05,BED-005,20
46,2025-05-12,BED-005,19
47,2025-05-19,BED-005,20
48,2025-05-26,BED-005,15
49,2025-06-02,BED-005,16
50,2025-06-09,BED-005,18
51,2025-06-16,BED-005,20
52,2025-06-23,BED-005,17
53,2025-06-30,BED-005,18
54,2025-07-07,BED-005,20
55,2025-07-14,BED-005,21
56,2025-07-21,BED-005,19
57,2025-07-28,BED-005,21
58,2025-08-04,BED-005,16
59,2025-08-11,BED-005,16
60,2025-08-18,BED-005,18
61,2025-08-25,BED-005,16
62,2025-09-01,BED-005,16
63,2025-09-08,BED-005,21
64,2025-09-15,BED-005,16
65,2025-09-22,BED-005,14
66,2025-09-29,BED-005,17
67,2025-10-06,BED-005,20
68,2025-10-13,BED-005,16
69,2025-10-20,BED-005,19
70,2025-10-27,BED-005,15
71,2025-11-03,BED-005,15
72,2025-11-10,BED-005,14
73,2025-11-17,BED-005,15
74,2025-11-24,BED-005,19
75,2025-12-01,BED-005,13
76,2025-12-08,BED-005,19
77,2025-12-15,BED-005,13
78,2025-12-22,BED-005,14
79,2025-12-29,BED-005,16
80,2026-01-05,BED-005,16
81,2026-01-12,BED-005,15
82,2026-01-19,BED-005,11
83,2026-01-26,BED-005,15
84,2026-02-02,BED-005,12
85,2026-02-09,BED-005,19
86,2026-02-16,BED-005,13
87,2026-02-23,BED-005,14
88,2026-03-02,BED-005,11
89,2026-03-09,BED-005,13
90,2026-03-16,BED-005,11
91,2026-03-23,BED-005,15
92,2026-03-30,BED-005,13
93,2026-04-06,BED-005,14
94,2026-04-13,BED-005,12
95,2026-04-20,BED-005,12
96,2026-04-27,BED-005,15
97,2026-05-04,BED-005,11
98,2026-05-11,BED-005,9
99,2026-05-18,BED-005,13
100,2026-05-25,BED-005,10
101,2026-06-01,BED-005,11
102,2026-06-08,BED-005,13
103,2026-06-15,BED-005,10
104,2026-06-22,BED-005,13
1,2024-07-01,BED-006,36
2,2024-07-08,BED-006,35
3,2024-07-15,BED-006,28
4,2024-07-22,BED-006,29
5,2024-07-29,BED-006,27
6,2024-08-05,BED-006,31
7,2024-08-12,BED-006,35
8,2024-08-19,BED-006,24
9,2024-08-26,BED-006,34
10,2024-09-02,BED-006,25
11,2024-09-09,BED-006,27
12,2024-09-16,BED-006,23
13,2024-09-23,BED-006,39
14,2024-09-30,BED-006,30
15,2024-10-07,BED-006,31
16,2024-10-14,BED-006,27
17,2024-10-21,BED-006,34
18,2024-10-28,BED-006,22
19,2024-11-04,BED-006,30
20,2024-11-11,BED-006,39
21,2024-11-18,BED-006,28
22,2024-11-25,BED-006,30
23,2024-12-02,BED-006,33
24,2024-12-09,BED-006,27
25,2024-12-16,BED-006,30
26,2024-12-23,BED-006,34
27,2024-12-30,BED-006,31
28,2025-01-06,BED-006,31
29,2025-01-13,BED-006,29
30,2025-01-20,BED-006,31
31,2025-01-27,BED-006,30
32,2025-02-03,BED-006,36
33,2025-02-10,BED-006,33
34,2025-02-17,BED-006,29
35,2025-02-24,BED-006,20
36,2025-03-03,BED-006,33
37,2025-03-10,BED-006,33
38,2025-03-17,BED-006,26
39,2025-03-24,BED-006,22
40,2025-03-31,BED-006,25
41,2025-04-07,BED-006,34
42,2025-04-14,BED-006,26
43,2025-04-21,BED-006,28
44,2025-04-28,BED-006,31
45,2025-05-05,BED-006,35
46,2025-05-12,BED-006,30
47,2025-05-19,BED-006,30
48,2025-05-26,BED-006,28
49,2025-06-02,BED-006,37
50,2025-06-09,BED-006,34
51,2025-06-16,BED-006,30
52,2025-06-23,BED-006,24
53,2025-06-30,BED-006,27
54,2025-07-07,BED-006,32
55,2025-07-14,BED-006,27
56,2025-07-21,BED-006,34
57,2025-07-28,BED-006,31
58,2025-08-04,BED-006,31
59,2025-08-11,BED-006,33
60,2025-08-18,BED-006,32
61,2025-08-25,BED-006,27
62,2025-09-01,BED-006,29
63,2025-09-08,BED-006,39
64,2025-09-15,BED-006,25
65,2025-09-22,BED-006,28
66,2025-09-29,BED-006,34
67,2025-10-06,BED-006,29
68,2025-10-13,BED-006,27
69,2025-10-20,BED-006,25
70,2025-10-27,BED-006,32
71,2025-11-03,BED-006,34
72,2025-11-10,BED-006,36
73,2025-11-17,BED-006,30
74,2025-11-24,BED-006,34
75,2025-12-01,BED-006,26
76,2025-12-08,BED-006,31
77,2025-12-15,BED-006,27
78,2025-12-22,BED-006,31
79,2025-12-29,BED-006,33
80,2026-01-05,BED-006,34
81,2026-01-12,BED-006,26
82,2026-01-19,BED-006,35
83,2026-01-26,BED-006,28
84,2026-02-02,BED-006,26
85,2026-02-09,BED-006,29
86,2026-02-16,BED-006,24
87,2026-02-23,BED-006,30
88,2026-03-02,BED-006,31
89,2026-03-09,BED-006,29
90,2026-03-16,BED-006,32
91,2026-03-23,BED-006,29
92,2026-03-30,BED-006,30
93,2026-04-06,BED-006,24
94,2026-04-13,BED-006,30
95,2026-04-20,BED-006,27
96,2026-04-27,BED-006,28
97,2026-05-04,BED-006,30
98,2026-05-11,BED-006,31
99,2026-05-18,BED-006,23
100,2026-05-25,BED-006,24
101,2026-06-01,BED-006,29
102,2026-06-08,BED-006,32
103,2026-06-15,BED-006,31
104,2026-06-22,BED-006,34
1,2024-07-01,BED-007,29
2,2024-07-08,BED-007,25
3,2024-07-15,BED-007,17
4,2024-07-22,BED-007,18
5,2024-07-29,BED-007,22
6,2024-08-05,BED-007,27
7,2024-08-12,BED-007,27
8,2024-08-19,BED-007,25
9,2024-08-26,BED-007,24
10,2024-09-02,BED-007,30
11,2024-09-09,BED-007,27
12,2024-09-16,BED-007,27
13,2024-09-23,BED-007,27
14,2024-09-30,BED-007,21
15,2024-10-07,BED-007,17
16,2024-10-14,BED-007,29
17,2024-10-21,BED-007,28
18,2024-10-28,BED-007,23
19,2024-11-04,BED-007,22
20,2024-11-11,BED-007,42
21,2024-11-18,BED-007,19
22,2024-11-25,BED-007,23
23,2024-12-02,BED-007,27
24,2024-12-09,BED-007,17
25,2024-12-16,BED-007,26
26,2024-12-23,BED-007,38
27,2024-12-30,BED-007,32
28,2025-01-06,BED-007,30
29,2025-01-13,BED-007,29
30,2025-01-20,BED-007,26
31,2025-01-27,BED-007,32
32,2025-02-03,BED-007,24
33,2025-02-10,BED-007,22
34,2025-02-17,BED-007,26
35,2025-02-24,BED-007,32
36,2025-03-03,BED-007,27
37,2025-03-10,BED-007,30
38,2025-03-17,BED-007,10
39,2025-03-24,BED-007,34
40,2025-03-31,BED-007,42
41,2025-04-07,BED-007,35
42,2025-04-14,BED-007,23
43,2025-04-21,BED-007,19
44,2025-04-28,BED-007,27
45,2025-05-05,BED-007,18
46,2025-05-12,BED-007,30
47,2025-05-19,BED-007,21
48,2025-05-26,BED-007,32
49,2025-06-02,BED-007,35
50,2025-06-09,BED-007,10
51,2025-06-16,BED-007,27
52,2025-06-23,BED-007,20
53,2025-06-30,BED-007,15
54,2025-07-07,BED-007,20
55,2025-07-14,BED-007,23
56,2025-07-21,BED-007,33
57,2025-07-28,BED-007,14
58,2025-08-04,BED-007,33
59,2025-08-11,BED-007,40
60,2025-08-18,BED-007,29
61,2025-08-25,BED-007,29
62,2025-09-01,BED-007,25
63,2025-09-08,BED-007,16
64,2025-09-15,BED-007,29
65,2025-09-22,BED-007,28
66,2025-09-29,BED-007,30
67,2025-10-06,BED-007,44
68,2025-10-13,BED-007,30
69,2025-10-20,BED-007,28
70,2025-10-27,BED-007,36
71,2025-11-03,BED-007,15
72,2025-11-10,BED-007,17
73,2025-11-17,BED-007,22
74,2025-11-24,BED-007,20
75,2025-12-01,BED-007,30
76,2025-12-08,BED-007,23
77,2025-12-15,BED-007,38
78,2025-12-22,BED-007,36
79,2025-12-29,BED-007,31
80,2026-01-05,BED-007,22
81,2026-01-12,BED-007,30
82,2026-01-19,BED-007,31
83,2026-01-26,BED-007,17
84,2026-02-02,BED-007,28
85,2026-02-09,BED-007,30
86,2026-02-16,BED-007,27
87,2026-02-23,BED-007,36
88,2026-03-02,BED-007,34
89,2026-03-09,BED-007,19
90,2026-03-16,BED-007,26
91,2026-03-23,BED-007,19
92,2026-03-30,BED-007,29
93,2026-04-06,BED-007,19
94,2026-04-13,BED-007,32
95,2026-04-20,BED-007,28
96,2026-04-27,BED-007,32
97,2026-05-04,BED-007,24
98,2026-05-11,BED-007,14
99,2026-05-18,BED-007,38
100,2026-05-25,BED-007,24
101,2026-06-01,BED-007,35
102,2026-06-08,BED-007,28
103,2026-06-15,BED-007,30
104,2026-06-22,BED-007,38
1,2024-07-01,BED-008,8
2,2024-07-08,BED-008,6
3,2024-07-15,BED-008,6
4,2024-07-22,BED-008,9
5,2024-07-29,BED-008,6
6,2024-08-05,BED-008,10
7,2024-08-12,BED-008,8
8,2024-08-19,BED-008,7
9,2024-08-26,BED-008,8
10,2024-09-02,BED-008,9
11,2024-09-09,BED-008,10
12,2024-09-16,BED-008,8
13,2024-09-23,BED-008,8
14,2024-09-30,BED-008,9
15,2024-10-07,BED-008,4
16,2024-10-14,BED-008,5
17,2024-10-21,BED-008,9
18,2024-10-28,BED-008,5
19,2024-11-04,BED-008,10
20,2024-11-11,BED-008,4
21,2024-11-18,BED-008,9
22,2024-11-25,BED-008,6
23,2024-12-02,BED-008,5
24,2024-12-09,BED-008,7
25,2024-12-16,BED-008,2
26,2024-12-23,BED-008,8
27,2024-12-30,BED-008,6
28,2025-01-06,BED-008,11
29,2025-01-13,BED-008,7
30,2025-01-20,BED-008,7
31,2025-01-27,BED-008,4
32,2025-02-03,BED-008,8
33,2025-02-10,BED-008,7
34,2025-02-17,BED-008,3
35,2025-02-24,BED-008,10
36,2025-03-03,BED-008,5
37,2025-03-10,BED-008,6
38,2025-03-17,BED-008,11
39,2025-03-24,BED-008,11
40,2025-03-31,BED-008,4
41,2025-04-07,BED-008,12
42,2025-04-14,BED-008,16
43,2025-04-21,BED-008,7
44,2025-04-28,BED-008,12
45,2025-05-05,BED-008,14
46,2025-05-12,BED-008,8
47,2025-05-19,BED-008,12
48,2025-05-26,BED-008,7
49,2025-06-02,BED-008,3
50,2025-06-09,BED-008,3
51,2025-06-16,BED-008,8
52,2025-06-23,BED-008,6
53,2025-06-30,BED-008,6
54,2025-07-07,BED-008,8
55,2025-07-14,BED-008,9
56,2025-07-21,BED-008,8
57,2025-07-28,BED-008,10
58,2025-08-04,BED-008,5
59,2025-08-11,BED-008,7
60,2025-08-18,BED-008,4
61,2025-08-25,BED-008,5
62,2025-09-01,BED-008,8
63,2025-09-08,BED-008,7
64,2025-09-15,BED-008,6
65,2025-09-22,BED-008,14
66,2025-09-29,BED-008,9
67,2025-10-06,BED-008,11
68,2025-10-13,BED-008,13
69,2025-10-20,BED-008,13
70,2025-10-27,BED-008,6
71,2025-11-03,BED-008,11
72,2025-11-10,BED-008,6
73,2025-11-17,BED-008,12
74,2025-11-24,BED-008,5
75,2025-12-01,BED-008,4
76,2025-12-08,BED-008,7
77,2025-12-15,BED-008,11
78,2025-12-22,BED-008,9
79,2025-12-29,BED-008,6
80,2026-01-05,BED-008,9
81,2026-01-12,BED-008,11
82,2026-01-19,BED-008,10
83,2026-01-26,BED-008,9
84,2026-02-02,BED-008,4
85,2026-02-09,BED-008,7
86,2026-02-16,BED-008,11
87,2026-02-23,BED-008,7
88,2026-03-02,BED-008,11
89,2026-03-09,BED-008,9
90,2026-03-16,BED-008,14
91,2026-03-23,BED-008,8
92,2026-03-30,BED-008,7
93,2026-04-06,BED-008,10
94,2026-04-13,BED-008,10
95,2026-04-20,BED-008,8
96,2026-04-27,BED-008,10
97,2026-05-04,BED-008,3
98,2026-05-11,BED-008,12
99,2026-05-18,BED-008,7
100,2026-05-25,BED-008,6
101,2026-06-01,BED-008,4
102,2026-06-08,BED-008,5
103,2026-06-15,BED-008,11
104,2026-06-22,BED-008,7
1,2024-07-01,BED-009,26
2,2024-07-08,BED-009,33
3,2024-07-15,BED-009,31
4,2024-07-22,BED-009,27
5,2024-07-29,BED-009,38
6,2024-08-05,BED-009,31
7,2024-08-12,BED-009,28
8,2024-08-19,BED-009,30
9,2024-08-26,BED-009,32
10,2024-09-02,BED-009,33
11,2024-09-09,BED-009,31
12,2024-09-16,BED-009,33
13,2024-09-23,BED-009,34
14,2024-09-30,BED-009,23
15,2024-10-07,BED-009,26
16,2024-10-14,BED-009,24
17,2024-10-21,BED-009,28
18,2024-10-28,BED-009,33
19,2024-11-04,BED-009,30
20,2024-11-11,BED-009,23
21,2024-11-18,BED-009,26
22,2024-11-25,BED-009,30
23,2024-12-02,BED-009,25
24,2024-12-09,BED-009,26
25,2024-12-16,BED-009,27
26,2024-12-23,BED-009,19
27,2024-12-30,BED-009,29
28,2025-01-06,BED-009,27
29,2025-01-13,BED-009,28
30,2025-01-20,BED-009,22
31,2025-01-27,BED-009,23
32,2025-02-03,BED-009,23
33,2025-02-10,BED-009,26
34,2025-02-17,BED-009,25
35,2025-02-24,BED-009,25
36,2025-03-03,BED-009,31
37,2025-03-10,BED-009,29
38,2025-03-17,BED-009,22
39,2025-03-24,BED-009,22
40,2025-03-31,BED-009,30
41,2025-04-07,BED-009,23
42,2025-04-14,BED-009,28
43,2025-04-21,BED-009,29
44,2025-04-28,BED-009,22
45,2025-05-05,BED-009,22
46,2025-05-12,BED-009,23
47,2025-05-19,BED-009,20
48,2025-05-26,BED-009,20
49,2025-06-02,BED-009,21
50,2025-06-09,BED-009,25
51,2025-06-16,BED-009,21
52,2025-06-23,BED-009,21
53,2025-06-30,BED-009,21
54,2025-07-07,BED-009,18
55,2025-07-14,BED-009,26
56,2025-07-21,BED-009,14
57,2025-07-28,BED-009,19
58,2025-08-04,BED-009,23
59,2025-08-11,BED-009,17
60,2025-08-18,BED-009,23
61,2025-08-25,BED-009,24
62,2025-09-01,BED-009,18
63,2025-09-08,BED-009,21
64,2025-09-15,BED-009,17
65,2025-09-22,BED-009,22
66,2025-09-29,BED-009,20
67,2025-10-06,BED-009,20
68,2025-10-13,BED-009,24
69,2025-10-20,BED-009,21
70,2025-10-27,BED-009,23
71,2025-11-03,BED-009,21
72,2025-11-10,BED-009,16
73,2025-11-17,BED-009,20
74,2025-11-24,BED-009,20
75,2025-12-01,BED-009,15
76,2025-12-08,BED-009,22
77,2025-12-15,BED-009,19
78,2025-12-22,BED-009,19
79,2025-12-29,BED-009,16
80,2026-01-05,BED-009,18
81,2026-01-12,BED-009,19
82,2026-01-19,BED-009,17
83,2026-01-26,BED-009,18
84,2026-02-02,BED-009,12
85,2026-02-09,BED-009,20
86,2026-02-16,BED-009,14
87,2026-02-23,BED-009,12
88,2026-03-02,BED-009,14
89,2026-03-09,BED-009,15
90,2026-03-16,BED-009,18
91,2026-03-23,BED-009,14
92,2026-03-30,BED-009,17
93,2026-04-06,BED-009,14
94,2026-04-13,BED-009,21
95,2026-04-20,BED-009,17
96,2026-04-27,BED-009,20
97,2026-05-04,BED-009,13
98,2026-05-11,BED-009,17
99,2026-05-18,BED-009,13
100,2026-05-25,BED-009,16
101,2026-06-01,BED-009,16
102,2026-06-08,BED-009,11
103,2026-06-15,BED-009,12
104,2026-06-22,BED-009,12
1,2024-07-01,ELE-001,31
2,2024-07-08,ELE-001,30
3,2024-07-15,ELE-001,28
4,2024-07-22,ELE-001,36
5,2024-07-29,ELE-001,38
6,2024-08-05,ELE-001,28
7,2024-08-12,ELE-001,32
8,2024-08-19,ELE-001,35
9,2024-08-26,ELE-001,34
10,2024-09-02,ELE-001,31
11,2024-09-09,ELE-001,39
12,2024-09-16,ELE-001,39
13,2024-09-23,ELE-001,39
14,2024-09-30,ELE-001,34
15,2024-10-07,ELE-001,45
16,2024-10-14,ELE-001,44
17,2024-10-21,ELE-001,33
18,2024-10-28,ELE-001,34
19,2024-11-04,ELE-001,41
20,2024-11-11,ELE-001,31
21,2024-11-18,ELE-001,37
22,2024-11-25,ELE-001,35
23,2024-12-02,ELE-001,31
24,2024-12-09,ELE-001,34
25,2024-12-16,ELE-001,27
26,2024-12-23,ELE-001,32
27,2024-12-30,ELE-001,25
28,2025-01-06,ELE-001,47
29,2025-01-13,ELE-001,43
30,2025-01-20,ELE-001,41
31,2025-01-27,ELE-001,37
32,2025-02-03,ELE-001,40
33,2025-02-10,ELE-001,42
34,2025-02-17,ELE-001,40
35,2025-02-24,ELE-001,40
36,2025-03-03,ELE-001,30
37,2025-03-10,ELE-001,37
38,2025-03-17,ELE-001,32
39,2025-03-24,ELE-001,29
40,2025-03-31,ELE-001,29
41,2025-04-07,ELE-001,37
42,2025-04-14,ELE-001,40
43,2025-04-21,ELE-001,28
44,2025-04-28,ELE-001,44
45,2025-05-05,ELE-001,43
46,2025-05-12,ELE-001,33
47,2025-05-19,ELE-001,33
48,2025-05-26,ELE-001,35
49,2025-06-02,ELE-001,40
50,2025-06-09,ELE-001,33
51,2025-06-16,ELE-001,29
52,2025-06-23,ELE-001,37
53,2025-06-30,ELE-001,24
54,2025-07-07,ELE-001,36
55,2025-07-14,ELE-001,41
56,2025-07-21,ELE-001,37
57,2025-07-28,ELE-001,39
58,2025-08-04,ELE-001,38
59,2025-08-11,ELE-001,39
60,2025-08-18,ELE-001,36
61,2025-08-25,ELE-001,31
62,2025-09-01,ELE-001,34
63,2025-09-08,ELE-001,35
64,2025-09-15,ELE-001,42
65,2025-09-22,ELE-001,43
66,2025-09-29,ELE-001,37
67,2025-10-06,ELE-001,31
68,2025-10-13,ELE-001,31
69,2025-10-20,ELE-001,34
70,2025-10-27,ELE-001,42
71,2025-11-03,ELE-001,37
72,2025-11-10,ELE-001,35
73,2025-11-17,ELE-001,31
74,2025-11-24,ELE-001,40
75,2025-12-01,ELE-001,36
76,2025-12-08,ELE-001,35
77,2025-12-15,ELE-001,36
78,2025-12-22,ELE-001,44
79,2025-12-29,ELE-001,34
80,2026-01-05,ELE-001,44
81,2026-01-12,ELE-001,41
82,2026-01-19,ELE-001,35
83,2026-01-26,ELE-001,40
84,2026-02-02,ELE-001,34
85,2026-02-09,ELE-001,31
86,2026-02-16,ELE-001,34
87,2026-02-23,ELE-001,30
88,2026-03-02,ELE-001,38
89,2026-03-09,ELE-001,35
90,2026-03-16,ELE-001,38
91,2026-03-23,ELE-001,39
92,2026-03-30,ELE-001,19
93,2026-04-06,ELE-001,37
94,2026-04-13,ELE-001,26
95,2026-04-20,ELE-001,36
96,2026-04-27,ELE-001,30
97,2026-05-04,ELE-001,36
98,2026-05-11,ELE-001,42
99,2026-05-18,ELE-001,26
100,2026-05-25,ELE-001,36
101,2026-06-01,ELE-001,35
102,2026-06-08,ELE-001,25
103,2026-06-15,ELE-001,38
104,2026-06-22,ELE-001,35
1,2024-07-01,ELE-002,31
2,2024-07-08,ELE-002,80
3,2024-07-15,ELE-002,35
4,2024-07-22,ELE-002,18
5,2024-07-29,ELE-002,28
6,2024-08-05,ELE-002,35
7,2024-08-12,ELE-002,35
8,2024-08-19,ELE-002,39
9,2024-08-26,ELE-002,27
10,2024-09-02,ELE-002,47
11,2024-09-09,ELE-002,34
12,2024-09-16,ELE-002,23
13,2024-09-23,ELE-002,30
14,2024-09-30,ELE-002,35
15,2024-10-07,ELE-002,51
16,2024-10-14,ELE-002,46
17,2024-10-21,ELE-002,36
18,2024-10-28,ELE-002,40
19,2024-11-04,ELE-002,43
20,2024-11-11,ELE-002,65
21,2024-11-18,ELE-002,32
22,2024-11-25,ELE-002,46
23,2024-12-02,ELE-002,49
24,2024-12-09,ELE-002,28
25,2024-12-16,ELE-002,42
26,2024-12-23,ELE-002,42
27,2024-12-30,ELE-002,34
28,2025-01-06,ELE-002,47
29,2025-01-13,ELE-002,53
30,2025-01-20,ELE-002,54
31,2025-01-27,ELE-002,38
32,2025-02-03,ELE-002,42
33,2025-02-10,ELE-002,69
34,2025-02-17,ELE-002,26
35,2025-02-24,ELE-002,43
36,2025-03-03,ELE-002,51
37,2025-03-10,ELE-002,42
38,2025-03-17,ELE-002,48
39,2025-03-24,ELE-002,42
40,2025-03-31,ELE-002,49
41,2025-04-07,ELE-002,56
42,2025-04-14,ELE-002,37
43,2025-04-21,ELE-002,42
44,2025-04-28,ELE-002,39
45,2025-05-05,ELE-002,35
46,2025-05-12,ELE-002,40
47,2025-05-19,ELE-002,26
48,2025-05-26,ELE-002,49
49,2025-06-02,ELE-002,61
50,2025-06-09,ELE-002,61
51,2025-06-16,ELE-002,56
52,2025-06-23,ELE-002,28
53,2025-06-30,ELE-002,59
54,2025-07-07,ELE-002,31
55,2025-07-14,ELE-002,39
56,2025-07-21,ELE-002,63
57,2025-07-28,ELE-002,27
58,2025-08-04,ELE-002,50
59,2025-08-11,ELE-002,43
60,2025-08-18,ELE-002,38
61,2025-08-25,ELE-002,29
62,2025-09-01,ELE-002,45
63,2025-09-08,ELE-002,34
64,2025-09-15,ELE-002,53
65,2025-09-22,ELE-002,55
66,2025-09-29,ELE-002,23
67,2025-10-06,ELE-002,34
68,2025-10-13,ELE-002,36
69,2025-10-20,ELE-002,25
70,2025-10-27,ELE-002,26
71,2025-11-03,ELE-002,41
72,2025-11-10,ELE-002,37
73,2025-11-17,ELE-002,20
74,2025-11-24,ELE-002,33
75,2025-12-01,ELE-002,46
76,2025-12-08,ELE-002,25
77,2025-12-15,ELE-002,29
78,2025-12-22,ELE-002,60
79,2025-12-29,ELE-002,56
80,2026-01-05,ELE-002,20
81,2026-01-12,ELE-002,23
82,2026-01-19,ELE-002,45
83,2026-01-26,ELE-002,25
84,2026-02-02,ELE-002,37
85,2026-02-09,ELE-002,34
86,2026-02-16,ELE-002,47
87,2026-02-23,ELE-002,9
88,2026-03-02,ELE-002,13
89,2026-03-09,ELE-002,25
90,2026-03-16,ELE-002,53
91,2026-03-23,ELE-002,38
92,2026-03-30,ELE-002,19
93,2026-04-06,ELE-002,46
94,2026-04-13,ELE-002,49
95,2026-04-20,ELE-002,37
96,2026-04-27,ELE-002,36
97,2026-05-04,ELE-002,45
98,2026-05-11,ELE-002,55
99,2026-05-18,ELE-002,42
100,2026-05-25,ELE-002,47
101,2026-06-01,ELE-002,39
102,2026-06-08,ELE-002,35
103,2026-06-15,ELE-002,29
104,2026-06-22,ELE-002,43
1,2024-07-01,ELE-003,17
2,2024-07-08,ELE-003,18
3,2024-07-15,ELE-003,21
4,2024-07-22,ELE-003,20
5,2024-07-29,ELE-003,21
6,2024-08-05,ELE-003,15
7,2024-08-12,ELE-003,21
8,2024-08-19,ELE-003,18
9,2024-08-26,ELE-003,18
10,2024-09-02,ELE-003,18
11,2024-09-09,ELE-003,24
12,2024-09-16,ELE-003,23
13,2024-09-23,ELE-003,19
14,2024-09-30,ELE-003,18
15,2024-10-07,ELE-003,21
16,2024-10-14,ELE-003,20
17,2024-10-21,ELE-003,26
18,2024-10-28,ELE-003,17
19,2024-11-04,ELE-003,16
20,2024-11-11,ELE-003,21
21,2024-11-18,ELE-003,22
22,2024-11-25,ELE-003,23
23,2024-12-02,ELE-003,25
24,2024-12-09,ELE-003,30
25,2024-12-16,ELE-003,22
26,2024-12-23,ELE-003,22
27,2024-12-30,ELE-003,18
28,2025-01-06,ELE-003,25
29,2025-01-13,ELE-003,27
30,2025-01-20,ELE-003,23
31,2025-01-27,ELE-003,28
32,2025-02-03,ELE-003,25
33,2025-02-10,ELE-003,30
34,2025-02-17,ELE-003,26
35,2025-02-24,ELE-003,21
36,2025-03-03,ELE-003,23
37,2025-03-10,ELE-003,20
38,2025-03-17,ELE-003,19
39,2025-03-24,ELE-003,27
40,2025-03-31,ELE-003,29
41,2025-04-07,ELE-003,34
42,2025-04-14,ELE-003,26
43,2025-04-21,ELE-003,26
44,2025-04-28,ELE-003,23
45,2025-05-05,ELE-003,31
46,2025-05-12,ELE-003,29
47,2025-05-19,ELE-003,25
48,2025-05-26,ELE-003,30
49,2025-06-02,ELE-003,30
50,2025-06-09,ELE-003,21
51,2025-06-16,ELE-003,31
52,2025-06-23,ELE-003,29
53,2025-06-30,ELE-003,27
54,2025-07-07,ELE-003,27
55,2025-07-14,ELE-003,36
56,2025-07-21,ELE-003,36
57,2025-07-28,ELE-003,37
58,2025-08-04,ELE-003,25
59,2025-08-11,ELE-003,27
60,2025-08-18,ELE-003,34
61,2025-08-25,ELE-003,25
62,2025-09-01,ELE-003,28
63,2025-09-08,ELE-003,23
64,2025-09-15,ELE-003,39
65,2025-09-22,ELE-003,36
66,2025-09-29,ELE-003,33
67,2025-10-06,ELE-003,33
68,2025-10-13,ELE-003,30
69,2025-10-20,ELE-003,30
70,2025-10-27,ELE-003,35
71,2025-11-03,ELE-003,29
72,2025-11-10,ELE-003,38
73,2025-11-17,ELE-003,31
74,2025-11-24,ELE-003,29
75,2025-12-01,ELE-003,39
76,2025-12-08,ELE-003,33
77,2025-12-15,ELE-003,36
78,2025-12-22,ELE-003,32
79,2025-12-29,ELE-003,23
80,2026-01-05,ELE-003,37
81,2026-01-12,ELE-003,28
82,2026-01-19,ELE-003,40
83,2026-01-26,ELE-003,27
84,2026-02-02,ELE-003,26
85,2026-02-09,ELE-003,37
86,2026-02-16,ELE-003,38
87,2026-02-23,ELE-003,36
88,2026-03-02,ELE-003,30
89,2026-03-09,ELE-003,41
90,2026-03-16,ELE-003,29
91,2026-03-23,ELE-003,34
92,2026-03-30,ELE-003,33
93,2026-04-06,ELE-003,35
94,2026-04-13,ELE-003,42
95,2026-04-20,ELE-003,34
96,2026-04-27,ELE-003,41
97,2026-05-04,ELE-003,41
98,2026-05-11,ELE-003,29
99,2026-05-18,ELE-003,32
100,2026-05-25,ELE-003,36
101,2026-06-01,ELE-003,35
102,2026-06-08,ELE-003,40
103,2026-06-15,ELE-003,28
104,2026-06-22,ELE-003,43
1,2024-07-01,ELE-004,65
2,2024-07-08,ELE-004,58
3,2024-07-15,ELE-004,48
4,2024-07-22,ELE-004,61
5,2024-07-29,ELE-004,57
6,2024-08-05,ELE-004,67
7,2024-08-12,ELE-004,62
8,2024-08-19,ELE-004,70
9,2024-08-26,ELE-004,60
10,2024-09-02,ELE-004,77
11,2024-09-09,ELE-004,44
12,2024-09-16,ELE-004,56
13,2024-09-23,ELE-004,71
14,2024-09-30,ELE-004,53
15,2024-10-07,ELE-004,75
16,2024-10-14,ELE-004,57
17,2024-10-21,ELE-004,70
18,2024-10-28,ELE-004,61
19,2024-11-04,ELE-004,66
20,2024-11-11,ELE-004,73
21,2024-11-18,ELE-004,71
22,2024-11-25,ELE-004,68
23,2024-12-02,ELE-004,95
24,2024-12-09,ELE-004,74
25,2024-12-16,ELE-004,64
26,2024-12-23,ELE-004,85
27,2024-12-30,ELE-004,84
28,2025-01-06,ELE-004,89
29,2025-01-13,ELE-004,96
30,2025-01-20,ELE-004,67
31,2025-01-27,ELE-004,90
32,2025-02-03,ELE-004,91
33,2025-02-10,ELE-004,79
34,2025-02-17,ELE-004,83
35,2025-02-24,ELE-004,47
36,2025-03-03,ELE-004,75
37,2025-03-10,ELE-004,103
38,2025-03-17,ELE-004,62
39,2025-03-24,ELE-004,77
40,2025-03-31,ELE-004,87
41,2025-04-07,ELE-004,92
42,2025-04-14,ELE-004,105
43,2025-04-21,ELE-004,65
44,2025-04-28,ELE-004,87
45,2025-05-05,ELE-004,98
46,2025-05-12,ELE-004,72
47,2025-05-19,ELE-004,88
48,2025-05-26,ELE-004,113
49,2025-06-02,ELE-004,107
50,2025-06-09,ELE-004,97
51,2025-06-16,ELE-004,58
52,2025-06-23,ELE-004,90
53,2025-06-30,ELE-004,98
54,2025-07-07,ELE-004,89
55,2025-07-14,ELE-004,93
56,2025-07-21,ELE-004,135
57,2025-07-28,ELE-004,92
58,2025-08-04,ELE-004,83
59,2025-08-11,ELE-004,100
60,2025-08-18,ELE-004,93
61,2025-08-25,ELE-004,94
62,2025-09-01,ELE-004,97
63,2025-09-08,ELE-004,110
64,2025-09-15,ELE-004,103
65,2025-09-22,ELE-004,84
66,2025-09-29,ELE-004,99
67,2025-10-06,ELE-004,109
68,2025-10-13,ELE-004,96
69,2025-10-20,ELE-004,120
70,2025-10-27,ELE-004,115
71,2025-11-03,ELE-004,90
72,2025-11-10,ELE-004,110
73,2025-11-17,ELE-004,135
74,2025-11-24,ELE-004,130
75,2025-12-01,ELE-004,106
76,2025-12-08,ELE-004,121
77,2025-12-15,ELE-004,98
78,2025-12-22,ELE-004,87
79,2025-12-29,ELE-004,118
80,2026-01-05,ELE-004,114
81,2026-01-12,ELE-004,119
82,2026-01-19,ELE-004,111
83,2026-01-26,ELE-004,117
84,2026-02-02,ELE-004,105
85,2026-02-09,ELE-004,121
86,2026-02-16,ELE-004,128
87,2026-02-23,ELE-004,114
88,2026-03-02,ELE-004,129
89,2026-03-09,ELE-004,87
90,2026-03-16,ELE-004,104
91,2026-03-23,ELE-004,141
92,2026-03-30,ELE-004,147
93,2026-04-06,ELE-004,123
94,2026-04-13,ELE-004,118
95,2026-04-20,ELE-004,99
96,2026-04-27,ELE-004,127
97,2026-05-04,ELE-004,135
98,2026-05-11,ELE-004,97
99,2026-05-18,ELE-004,132
100,2026-05-25,ELE-004,132
101,2026-06-01,ELE-004,132
102,2026-06-08,ELE-004,105
103,2026-06-15,ELE-004,135
104,2026-06-22,ELE-004,100
1,2024-07-01,ELE-005,73
2,2024-07-08,ELE-005,62
3,2024-07-15,ELE-005,50
4,2024-07-22,ELE-005,71
5,2024-07-29,ELE-005,69
6,2024-08-05,ELE-005,54
7,2024-08-12,ELE-005,77
8,2024-08-19,ELE-005,50
9,2024-08-26,ELE-005,61
10,2024-09-02,ELE-005,68
11,2024-09-09,ELE-005,39
12,2024-09-16,ELE-005,65
13,2024-09-23,ELE-005,57
14,2024-09-30,ELE-005,57
15,2024-10-07,ELE-005,48
16,2024-10-14,ELE-005,59
17,2024-10-21,ELE-005,47
18,2024-10-28,ELE-005,48
19,2024-11-04,ELE-005,52
20,2024-11-11,ELE-005,45
21,2024-11-18,ELE-005,67
22,2024-11-25,ELE-005,44
23,2024-12-02,ELE-005,48
24,2024-12-09,ELE-005,51
25,2024-12-16,ELE-005,53
26,2024-12-23,ELE-005,59
27,2024-12-30,ELE-005,59
28,2025-01-06,ELE-005,50
29,2025-01-13,ELE-005,49
30,2025-01-20,ELE-005,52
31,2025-01-27,ELE-005,58
32,2025-02-03,ELE-005,56
33,2025-02-10,ELE-005,47
34,2025-02-17,ELE-005,36
35,2025-02-24,ELE-005,65
36,2025-03-03,ELE-005,57
37,2025-03-10,ELE-005,52
38,2025-03-17,ELE-005,52
39,2025-03-24,ELE-005,46
40,2025-03-31,ELE-005,42
41,2025-04-07,ELE-005,46
42,2025-04-14,ELE-005,47
43,2025-04-21,ELE-005,44
44,2025-04-28,ELE-005,38
45,2025-05-05,ELE-005,45
46,2025-05-12,ELE-005,51
47,2025-05-19,ELE-005,43
48,2025-05-26,ELE-005,47
49,2025-06-02,ELE-005,33
50,2025-06-09,ELE-005,44
51,2025-06-16,ELE-005,45
52,2025-06-23,ELE-005,37
53,2025-06-30,ELE-005,34
54,2025-07-07,ELE-005,47
55,2025-07-14,ELE-005,39
56,2025-07-21,ELE-005,47
57,2025-07-28,ELE-005,41
58,2025-08-04,ELE-005,47
59,2025-08-11,ELE-005,41
60,2025-08-18,ELE-005,34
61,2025-08-25,ELE-005,42
62,2025-09-01,ELE-005,40
63,2025-09-08,ELE-005,46
64,2025-09-15,ELE-005,39
65,2025-09-22,ELE-005,39
66,2025-09-29,ELE-005,46
67,2025-10-06,ELE-005,47
68,2025-10-13,ELE-005,45
69,2025-10-20,ELE-005,46
70,2025-10-27,ELE-005,42
71,2025-11-03,ELE-005,44
72,2025-11-10,ELE-005,44
73,2025-11-17,ELE-005,41
74,2025-11-24,ELE-005,39
75,2025-12-01,ELE-005,39
76,2025-12-08,ELE-005,51
77,2025-12-15,ELE-005,38
78,2025-12-22,ELE-005,36
79,2025-12-29,ELE-005,35
80,2026-01-05,ELE-005,36
81,2026-01-12,ELE-005,38
82,2026-01-19,ELE-005,30
83,2026-01-26,ELE-005,26
84,2026-02-02,ELE-005,37
85,2026-02-09,ELE-005,27
86,2026-02-16,ELE-005,36
87,2026-02-23,ELE-005,35
88,2026-03-02,ELE-005,40
89,2026-03-09,ELE-005,42
90,2026-03-16,ELE-005,35
91,2026-03-23,ELE-005,31
92,2026-03-30,ELE-005,28
93,2026-04-06,ELE-005,29
94,2026-04-13,ELE-005,32
95,2026-04-20,ELE-005,23
96,2026-04-27,ELE-005,32
97,2026-05-04,ELE-005,31
98,2026-05-11,ELE-005,34
99,2026-05-18,ELE-005,29
100,2026-05-25,ELE-005,31
101,2026-06-01,ELE-005,27
102,2026-06-08,ELE-005,28
103,2026-06-15,ELE-005,22
104,2026-06-22,ELE-005,30
1,2024-07-01,ELE-006,61
2,2024-07-08,ELE-006,63
3,2024-07-15,ELE-006,52
4,2024-07-22,ELE-006,72
5,2024-07-29,ELE-006,54
6,2024-08-05,ELE-006,67
7,2024-08-12,ELE-006,61
8,2024-08-19,ELE-006,52
9,2024-08-26,ELE-006,68
10,2024-09-02,ELE-006,60
11,2024-09-09,ELE-006,61
12,2024-09-16,ELE-006,64
13,2024-09-23,ELE-006,60
14,2024-09-30,ELE-006,57
15,2024-10-07,ELE-006,64
16,2024-10-14,ELE-006,57
17,2024-10-21,ELE-006,61
18,2024-10-28,ELE-006,55
19,2024-11-04,ELE-006,48
20,2024-11-11,ELE-006,55
21,2024-11-18,ELE-006,56
22,2024-11-25,ELE-006,60
23,2024-12-02,ELE-006,70
24,2024-12-09,ELE-006,46
25,2024-12-16,ELE-006,61
26,2024-12-23,ELE-006,42
27,2024-12-30,ELE-006,51
28,2025-01-06,ELE-006,56
29,2025-01-13,ELE-006,42
30,2025-01-20,ELE-006,45
31,2025-01-27,ELE-006,61
32,2025-02-03,ELE-006,61
33,2025-02-10,ELE-006,59
34,2025-02-17,ELE-006,53
35,2025-02-24,ELE-006,78
36,2025-03-03,ELE-006,59
37,2025-03-10,ELE-006,53
38,2025-03-17,ELE-006,74
39,2025-03-24,ELE-006,65
40,2025-03-31,ELE-006,57
41,2025-04-07,ELE-006,70
42,2025-04-14,ELE-006,61
43,2025-04-21,ELE-006,65
44,2025-04-28,ELE-006,62
45,2025-05-05,ELE-006,52
46,2025-05-12,ELE-006,68
47,2025-05-19,ELE-006,61
48,2025-05-26,ELE-006,52
49,2025-06-02,ELE-006,54
50,2025-06-09,ELE-006,68
51,2025-06-16,ELE-006,57
52,2025-06-23,ELE-006,60
53,2025-06-30,ELE-006,65
54,2025-07-07,ELE-006,61
55,2025-07-14,ELE-006,48
56,2025-07-21,ELE-006,65
57,2025-07-28,ELE-006,68
58,2025-08-04,ELE-006,67
59,2025-08-11,ELE-006,73
60,2025-08-18,ELE-006,63
61,2025-08-25,ELE-006,66
62,2025-09-01,ELE-006,73
63,2025-09-08,ELE-006,58
64,2025-09-15,ELE-006,74
65,2025-09-22,ELE-006,74
66,2025-09-29,ELE-006,66
67,2025-10-06,ELE-006,75
68,2025-10-13,ELE-006,67
69,2025-10-20,ELE-006,53
70,2025-10-27,ELE-006,69
71,2025-11-03,ELE-006,63
72,2025-11-10,ELE-006,63
73,2025-11-17,ELE-006,61
74,2025-11-24,ELE-006,71
75,2025-12-01,ELE-006,64
76,2025-12-08,ELE-006,54
77,2025-12-15,ELE-006,64
78,2025-12-22,ELE-006,66
79,2025-12-29,ELE-006,54
80,2026-01-05,ELE-006,56
81,2026-01-12,ELE-006,57
82,2026-01-19,ELE-006,55
83,2026-01-26,ELE-006,63
84,2026-02-02,ELE-006,68
85,2026-02-09,ELE-006,75
86,2026-02-16,ELE-006,70
87,2026-02-23,ELE-006,68
88,2026-03-02,ELE-006,69
89,2026-03-09,ELE-006,71
90,2026-03-16,ELE-006,57
91,2026-03-23,ELE-006,66
92,2026-03-30,ELE-006,63
93,2026-04-06,ELE-006,59
94,2026-04-13,ELE-006,56
95,2026-04-20,ELE-006,56
96,2026-04-27,ELE-006,58
97,2026-05-04,ELE-006,50
98,2026-05-11,ELE-006,64
99,2026-05-18,ELE-006,60
100,2026-05-25,ELE-006,61
101,2026-06-01,ELE-006,63
102,2026-06-08,ELE-006,66
103,2026-06-15,ELE-006,55
104,2026-06-22,ELE-006,59
1,2024-07-01,ELE-007,6
2,2024-07-08,ELE-007,8
3,2024-07-15,ELE-007,4
4,2024-07-22,ELE-007,4
5,2024-07-29,ELE-007,8
6,2024-08-05,ELE-007,7
7,2024-08-12,ELE-007,6
8,2024-08-19,ELE-007,6
9,2024-08-26,ELE-007,12
10,2024-09-02,ELE-007,3
11,2024-09-09,ELE-007,6
12,2024-09-16,ELE-007,9
13,2024-09-23,ELE-007,8
14,2024-09-30,ELE-007,7
15,2024-10-07,ELE-007,9
16,2024-10-14,ELE-007,10
17,2024-10-21,ELE-007,6
18,2024-10-28,ELE-007,14
19,2024-11-04,ELE-007,16
20,2024-11-11,ELE-007,8
21,2024-11-18,ELE-007,7
22,2024-11-25,ELE-007,7
23,2024-12-02,ELE-007,8
24,2024-12-09,ELE-007,8
25,2024-12-16,ELE-007,4
26,2024-12-23,ELE-007,8
27,2024-12-30,ELE-007,4
28,2025-01-06,ELE-007,4
29,2025-01-13,ELE-007,9
30,2025-01-20,ELE-007,8
31,2025-01-27,ELE-007,4
32,2025-02-03,ELE-007,4
33,2025-02-10,ELE-007,9
34,2025-02-17,ELE-007,5
35,2025-02-24,ELE-007,13
36,2025-03-03,ELE-007,8
37,2025-03-10,ELE-007,4
38,2025-03-17,ELE-007,9
39,2025-03-24,ELE-007,3
40,2025-03-31,ELE-007,8
41,2025-04-07,ELE-007,8
42,2025-04-14,ELE-007,7
43,2025-04-21,ELE-007,6
44,2025-04-28,ELE-007,8
45,2025-05-05,ELE-007,5
46,2025-05-12,ELE-007,7
47,2025-05-19,ELE-007,5
48,2025-05-26,ELE-007,5
49,2025-06-02,ELE-007,11
50,2025-06-09,ELE-007,8
51,2025-06-16,ELE-007,3
52,2025-06-23,ELE-007,5
53,2025-06-30,ELE-007,9
54,2025-07-07,ELE-007,10
55,2025-07-14,ELE-007,8
56,2025-07-21,ELE-007,7
57,2025-07-28,ELE-007,9
58,2025-08-04,ELE-007,10
59,2025-08-11,ELE-007,8
60,2025-08-18,ELE-007,3
61,2025-08-25,ELE-007,7
62,2025-09-01,ELE-007,9
63,2025-09-08,ELE-007,5
64,2025-09-15,ELE-007,5
65,2025-09-22,ELE-007,8
66,2025-09-29,ELE-007,8
67,2025-10-06,ELE-007,6
68,2025-10-13,ELE-007,8
69,2025-10-20,ELE-007,12
70,2025-10-27,ELE-007,6
71,2025-11-03,ELE-007,7
72,2025-11-10,ELE-007,9
73,2025-11-17,ELE-007,7
74,2025-11-24,ELE-007,7
75,2025-12-01,ELE-007,12
76,2025-12-08,ELE-007,8
77,2025-12-15,ELE-007,12
78,2025-12-22,ELE-007,9
79,2025-12-29,ELE-007,7
80,2026-01-05,ELE-007,6
81,2026-01-12,ELE-007,3
82,2026-01-19,ELE-007,8
83,2026-01-26,ELE-007,10
84,2026-02-02,ELE-007,14
85,2026-02-09,ELE-007,6
86,2026-02-16,ELE-007,12
87,2026-02-23,ELE-007,7
88,2026-03-02,ELE-007,7
89,2026-03-09,ELE-007,10
90,2026-03-16,ELE-007,6
91,2026-03-23,ELE-007,12
92,2026-03-30,ELE-007,9
93,2026-04-06,ELE-007,7
94,2026-04-13,ELE-007,11
95,2026-04-20,ELE-007,7
96,2026-04-27,ELE-007,5
97,2026-05-04,ELE-007,9
98,2026-05-11,ELE-007,7
99,2026-05-18,ELE-007,4
100,2026-05-25,ELE-007,10
101,2026-06-01,ELE-007,8
102,2026-06-08,ELE-007,10
103,2026-06-15,ELE-007,10
104,2026-06-22,ELE-007,3
1,2024-07-01,ELE-008,11
2,2024-07-08,ELE-008,20
3,2024-07-15,ELE-008,16
4,2024-07-22,ELE-008,9
5,2024-07-29,ELE-008,14
6,2024-08-05,ELE-008,12
7,2024-08-12,ELE-008,12
8,2024-08-19,ELE-008,15
9,2024-08-26,ELE-008,21
10,2024-09-02,ELE-008,13
11,2024-09-09,ELE-008,16
12,2024-09-16,ELE-008,7
13,2024-09-23,ELE-008,16
14,2024-09-30,ELE-008,21
15,2024-10-07,ELE-008,19
16,2024-10-14,ELE-008,18
17,2024-10-21,ELE-008,12
18,2024-10-28,ELE-008,10
19,2024-11-04,ELE-008,14
20,2024-11-11,ELE-008,8
21,2024-11-18,ELE-008,8
22,2024-11-25,ELE-008,20
23,2024-12-02,ELE-008,10
24,2024-12-09,ELE-008,25
25,2024-12-16,ELE-008,7
26,2024-12-23,ELE-008,17
27,2024-12-30,ELE-008,8
28,2025-01-06,ELE-008,16
29,2025-01-13,ELE-008,9
30,2025-01-20,ELE-008,15
31,2025-01-27,ELE-008,14
32,2025-02-03,ELE-008,12
33,2025-02-10,ELE-008,18
34,2025-02-17,ELE-008,23
35,2025-02-24,ELE-008,12
36,2025-03-03,ELE-008,20
37,2025-03-10,ELE-008,15
38,2025-03-17,ELE-008,15
39,2025-03-24,ELE-008,27
40,2025-03-31,ELE-008,3
41,2025-04-07,ELE-008,11
42,2025-04-14,ELE-008,5
43,2025-04-21,ELE-008,13
44,2025-04-28,ELE-008,14
45,2025-05-05,ELE-008,36
46,2025-05-12,ELE-008,17
47,2025-05-19,ELE-008,25
48,2025-05-26,ELE-008,22
49,2025-06-02,ELE-008,12
50,2025-06-09,ELE-008,18
51,2025-06-16,ELE-008,24
52,2025-06-23,ELE-008,16
53,2025-06-30,ELE-008,16
54,2025-07-07,ELE-008,18
55,2025-07-14,ELE-008,7
56,2025-07-21,ELE-008,10
57,2025-07-28,ELE-008,17
58,2025-08-04,ELE-008,18
59,2025-08-11,ELE-008,10
60,2025-08-18,ELE-008,13
61,2025-08-25,ELE-008,14
62,2025-09-01,ELE-008,14
63,2025-09-08,ELE-008,19
64,2025-09-15,ELE-008,16
65,2025-09-22,ELE-008,16
66,2025-09-29,ELE-008,7
67,2025-10-06,ELE-008,9
68,2025-10-13,ELE-008,17
69,2025-10-20,ELE-008,6
70,2025-10-27,ELE-008,16
71,2025-11-03,ELE-008,11
72,2025-11-10,ELE-008,10
73,2025-11-17,ELE-008,19
74,2025-11-24,ELE-008,11
75,2025-12-01,ELE-008,10
76,2025-12-08,ELE-008,11
77,2025-12-15,ELE-008,15
78,2025-12-22,ELE-008,30
79,2025-12-29,ELE-008,3
80,2026-01-05,ELE-008,15
81,2026-01-12,ELE-008,14
82,2026-01-19,ELE-008,20
83,2026-01-26,ELE-008,13
84,2026-02-02,ELE-008,1
85,2026-02-09,ELE-008,22
86,2026-02-16,ELE-008,9
87,2026-02-23,ELE-008,15
88,2026-03-02,ELE-008,7
89,2026-03-09,ELE-008,9
90,2026-03-16,ELE-008,12
91,2026-03-23,ELE-008,20
92,2026-03-30,ELE-008,20
93,2026-04-06,ELE-008,12
94,2026-04-13,ELE-008,18
95,2026-04-20,ELE-008,13
96,2026-04-27,ELE-008,15
97,2026-05-04,ELE-008,16
98,2026-05-11,ELE-008,18
99,2026-05-18,ELE-008,11
100,2026-05-25,ELE-008,14
101,2026-06-01,ELE-008,16
102,2026-06-08,ELE-008,15
103,2026-06-15,ELE-008,10
104,2026-06-22,ELE-008,24
1,2024-07-01,CLN-001,236
2,2024-07-08,CLN-001,224
3,2024-07-15,CLN-001,247
4,2024-07-22,CLN-001,170
5,2024-07-29,CLN-001,265
6,2024-08-05,CLN-001,215
7,2024-08-12,CLN-001,192
8,2024-08-19,CLN-001,222
9,2024-08-26,CLN-001,270
10,2024-09-02,CLN-001,231
11,2024-09-09,CLN-001,192
12,2024-09-16,CLN-001,209
13,2024-09-23,CLN-001,249
14,2024-09-30,CLN-001,188
15,2024-10-07,CLN-001,215
16,2024-10-14,CLN-001,213
17,2024-10-21,CLN-001,268
18,2024-10-28,CLN-001,213
19,2024-11-04,CLN-001,249
20,2024-11-11,CLN-001,204
21,2024-11-18,CLN-001,201
22,2024-11-25,CLN-001,242
23,2024-12-02,CLN-001,233
24,2024-12-09,CLN-001,181
25,2024-12-16,CLN-001,234
26,2024-12-23,CLN-001,234
27,2024-12-30,CLN-001,206
28,2025-01-06,CLN-001,224
29,2025-01-13,CLN-001,225
30,2025-01-20,CLN-001,208
31,2025-01-27,CLN-001,206
32,2025-02-03,CLN-001,204
33,2025-02-10,CLN-001,213
34,2025-02-17,CLN-001,190
35,2025-02-24,CLN-001,218
36,2025-03-03,CLN-001,186
37,2025-03-10,CLN-001,221
38,2025-03-17,CLN-001,217
39,2025-03-24,CLN-001,196
40,2025-03-31,CLN-001,238
41,2025-04-07,CLN-001,263
42,2025-04-14,CLN-001,249
43,2025-04-21,CLN-001,189
44,2025-04-28,CLN-001,248
45,2025-05-05,CLN-001,224
46,2025-05-12,CLN-001,218
47,2025-05-19,CLN-001,206
48,2025-05-26,CLN-001,219
49,2025-06-02,CLN-001,250
50,2025-06-09,CLN-001,231
51,2025-06-16,CLN-001,210
52,2025-06-23,CLN-001,204
53,2025-06-30,CLN-001,210
54,2025-07-07,CLN-001,232
55,2025-07-14,CLN-001,261
56,2025-07-21,CLN-001,196
57,2025-07-28,CLN-001,219
58,2025-08-04,CLN-001,211
59,2025-08-11,CLN-001,202
60,2025-08-18,CLN-001,228
61,2025-08-25,CLN-001,232
62,2025-09-01,CLN-001,188
63,2025-09-08,CLN-001,196
64,2025-09-15,CLN-001,246
65,2025-09-22,CLN-001,226
66,2025-09-29,CLN-001,231
67,2025-10-06,CLN-001,208
68,2025-10-13,CLN-001,211
69,2025-10-20,CLN-001,229
70,2025-10-27,CLN-001,208
71,2025-11-03,CLN-001,194
72,2025-11-10,CLN-001,219
73,2025-11-17,CLN-001,239
74,2025-11-24,CLN-001,196
75,2025-12-01,CLN-001,243
76,2025-12-08,CLN-001,235
77,2025-12-15,CLN-001,200
78,2025-12-22,CLN-001,219
79,2025-12-29,CLN-001,218
80,2026-01-05,CLN-001,233
81,2026-01-12,CLN-001,234
82,2026-01-19,CLN-001,190
83,2026-01-26,CLN-001,189
84,2026-02-02,CLN-001,242
85,2026-02-09,CLN-001,222
86,2026-02-16,CLN-001,229
87,2026-02-23,CLN-001,227
88,2026-03-02,CLN-001,253
89,2026-03-09,CLN-001,192
90,2026-03-16,CLN-001,244
91,2026-03-23,CLN-001,201
92,2026-03-30,CLN-001,235
93,2026-04-06,CLN-001,249
94,2026-04-13,CLN-001,188
95,2026-04-20,CLN-001,228
96,2026-04-27,CLN-001,213
97,2026-05-04,CLN-001,213
98,2026-05-11,CLN-001,220
99,2026-05-18,CLN-001,196
100,2026-05-25,CLN-001,198
101,2026-06-01,CLN-001,234
102,2026-06-08,CLN-001,238
103,2026-06-15,CLN-001,207
104,2026-06-22,CLN-001,187
1,2024-07-01,CLN-002,185
2,2024-07-08,CLN-002,168
3,2024-07-15,CLN-002,135
4,2024-07-22,CLN-002,145
5,2024-07-29,CLN-002,165
6,2024-08-05,CLN-002,137
7,2024-08-12,CLN-002,197
8,2024-08-19,CLN-002,162
9,2024-08-26,CLN-002,168
10,2024-09-02,CLN-002,135
11,2024-09-09,CLN-002,138
12,2024-09-16,CLN-002,141
13,2024-09-23,CLN-002,166
14,2024-09-30,CLN-002,153
15,2024-10-07,CLN-002,152
16,2024-10-14,CLN-002,167
17,2024-10-21,CLN-002,164
18,2024-10-28,CLN-002,194
19,2024-11-04,CLN-002,155
20,2024-11-11,CLN-002,135
21,2024-11-18,CLN-002,159
22,2024-11-25,CLN-002,194
23,2024-12-02,CLN-002,146
24,2024-12-09,CLN-002,160
25,2024-12-16,CLN-002,151
26,2024-12-23,CLN-002,169
27,2024-12-30,CLN-002,165
28,2025-01-06,CLN-002,140
29,2025-01-13,CLN-002,154
30,2025-01-20,CLN-002,181
31,2025-01-27,CLN-002,185
32,2025-02-03,CLN-002,181
33,2025-02-10,CLN-002,179
34,2025-02-17,CLN-002,151
35,2025-02-24,CLN-002,151
36,2025-03-03,CLN-002,181
37,2025-03-10,CLN-002,132
38,2025-03-17,CLN-002,158
39,2025-03-24,CLN-002,116
40,2025-03-31,CLN-002,150
41,2025-04-07,CLN-002,143
42,2025-04-14,CLN-002,131
43,2025-04-21,CLN-002,173
44,2025-04-28,CLN-002,142
45,2025-05-05,CLN-002,151
46,2025-05-12,CLN-002,153
47,2025-05-19,CLN-002,142
48,2025-05-26,CLN-002,192
49,2025-06-02,CLN-002,148
50,2025-06-09,CLN-002,164
51,2025-06-16,CLN-002,129
52,2025-06-23,CLN-002,148
53,2025-06-30,CLN-002,152
54,2025-07-07,CLN-002,152
55,2025-07-14,CLN-002,146
56,2025-07-21,CLN-002,163
57,2025-07-28,CLN-002,196
58,2025-08-04,CLN-002,156
59,2025-08-11,CLN-002,156
60,2025-08-18,CLN-002,150
61,2025-08-25,CLN-002,219
62,2025-09-01,CLN-002,197
63,2025-09-08,CLN-002,172
64,2025-09-15,CLN-002,176
65,2025-09-22,CLN-002,143
66,2025-09-29,CLN-002,156
67,2025-10-06,CLN-002,164
68,2025-10-13,CLN-002,162
69,2025-10-20,CLN-002,139
70,2025-10-27,CLN-002,141
71,2025-11-03,CLN-002,171
72,2025-11-10,CLN-002,167
73,2025-11-17,CLN-002,110
74,2025-11-24,CLN-002,161
75,2025-12-01,CLN-002,189
76,2025-12-08,CLN-002,144
77,2025-12-15,CLN-002,165
78,2025-12-22,CLN-002,125
79,2025-12-29,CLN-002,179
80,2026-01-05,CLN-002,133
81,2026-01-12,CLN-002,130
82,2026-01-19,CLN-002,152
83,2026-01-26,CLN-002,215
84,2026-02-02,CLN-002,145
85,2026-02-09,CLN-002,130
86,2026-02-16,CLN-002,170
87,2026-02-23,CLN-002,165
88,2026-03-02,CLN-002,198
89,2026-03-09,CLN-002,130
90,2026-03-16,CLN-002,122
91,2026-03-23,CLN-002,152
92,2026-03-30,CLN-002,168
93,2026-04-06,CLN-002,168
94,2026-04-13,CLN-002,185
95,2026-04-20,CLN-002,124
96,2026-04-27,CLN-002,140
97,2026-05-04,CLN-002,156
98,2026-05-11,CLN-002,179
99,2026-05-18,CLN-002,170
100,2026-05-25,CLN-002,149
101,2026-06-01,CLN-002,135
102,2026-06-08,CLN-002,180
103,2026-06-15,CLN-002,181
104,2026-06-22,CLN-002,223
1,2024-07-01,CLN-003,88
2,2024-07-08,CLN-003,112
3,2024-07-15,CLN-003,77
4,2024-07-22,CLN-003,87
5,2024-07-29,CLN-003,86
6,2024-08-05,CLN-003,90
7,2024-08-12,CLN-003,85
8,2024-08-19,CLN-003,90
9,2024-08-26,CLN-003,98
10,2024-09-02,CLN-003,94
11,2024-09-09,CLN-003,110
12,2024-09-16,CLN-003,101
13,2024-09-23,CLN-003,103
14,2024-09-30,CLN-003,125
15,2024-10-07,CLN-003,109
16,2024-10-14,CLN-003,108
17,2024-10-21,CLN-003,107
18,2024-10-28,CLN-003,109
19,2024-11-04,CLN-003,117
20,2024-11-11,CLN-003,98
21,2024-11-18,CLN-003,128
22,2024-11-25,CLN-003,136
23,2024-12-02,CLN-003,131
24,2024-12-09,CLN-003,106
25,2024-12-16,CLN-003,90
26,2024-12-23,CLN-003,109
27,2024-12-30,CLN-003,120
28,2025-01-06,CLN-003,131
29,2025-01-13,CLN-003,116
30,2025-01-20,CLN-003,115
31,2025-01-27,CLN-003,146
32,2025-02-03,CLN-003,111
33,2025-02-10,CLN-003,141
34,2025-02-17,CLN-003,140
35,2025-02-24,CLN-003,102
36,2025-03-03,CLN-003,131
37,2025-03-10,CLN-003,117
38,2025-03-17,CLN-003,111
39,2025-03-24,CLN-003,96
40,2025-03-31,CLN-003,102
41,2025-04-07,CLN-003,139
42,2025-04-14,CLN-003,125
43,2025-04-21,CLN-003,138
44,2025-04-28,CLN-003,115
45,2025-05-05,CLN-003,129
46,2025-05-12,CLN-003,131
47,2025-05-19,CLN-003,108
48,2025-05-26,CLN-003,107
49,2025-06-02,CLN-003,148
50,2025-06-09,CLN-003,143
51,2025-06-16,CLN-003,123
52,2025-06-23,CLN-003,140
53,2025-06-30,CLN-003,157
54,2025-07-07,CLN-003,181
55,2025-07-14,CLN-003,128
56,2025-07-21,CLN-003,159
57,2025-07-28,CLN-003,191
58,2025-08-04,CLN-003,150
59,2025-08-11,CLN-003,180
60,2025-08-18,CLN-003,97
61,2025-08-25,CLN-003,182
62,2025-09-01,CLN-003,152
63,2025-09-08,CLN-003,114
64,2025-09-15,CLN-003,171
65,2025-09-22,CLN-003,178
66,2025-09-29,CLN-003,183
67,2025-10-06,CLN-003,184
68,2025-10-13,CLN-003,158
69,2025-10-20,CLN-003,143
70,2025-10-27,CLN-003,150
71,2025-11-03,CLN-003,161
72,2025-11-10,CLN-003,172
73,2025-11-17,CLN-003,153
74,2025-11-24,CLN-003,166
75,2025-12-01,CLN-003,186
76,2025-12-08,CLN-003,174
77,2025-12-15,CLN-003,221
78,2025-12-22,CLN-003,219
79,2025-12-29,CLN-003,143
80,2026-01-05,CLN-003,157
81,2026-01-12,CLN-003,141
82,2026-01-19,CLN-003,145
83,2026-01-26,CLN-003,187
84,2026-02-02,CLN-003,151
85,2026-02-09,CLN-003,151
86,2026-02-16,CLN-003,170
87,2026-02-23,CLN-003,198
88,2026-03-02,CLN-003,170
89,2026-03-09,CLN-003,171
90,2026-03-16,CLN-003,204
91,2026-03-23,CLN-003,194
92,2026-03-30,CLN-003,195
93,2026-04-06,CLN-003,208
94,2026-04-13,CLN-003,159
95,2026-04-20,CLN-003,192
96,2026-04-27,CLN-003,171
97,2026-05-04,CLN-003,215
98,2026-05-11,CLN-003,210
99,2026-05-18,CLN-003,163
100,2026-05-25,CLN-003,226
101,2026-06-01,CLN-003,161
102,2026-06-08,CLN-003,224
103,2026-06-15,CLN-003,200
104,2026-06-22,CLN-003,172
1,2024-07-01,CLN-004,80
2,2024-07-08,CLN-004,88
3,2024-07-15,CLN-004,67
4,2024-07-22,CLN-004,107
5,2024-07-29,CLN-004,46
6,2024-08-05,CLN-004,89
7,2024-08-12,CLN-004,89
8,2024-08-19,CLN-004,31
9,2024-08-26,CLN-004,99
10,2024-09-02,CLN-004,50
11,2024-09-09,CLN-004,12
12,2024-09-16,CLN-004,70
13,2024-09-23,CLN-004,82
14,2024-09-30,CLN-004,117
15,2024-10-07,CLN-004,74
16,2024-10-14,CLN-004,135
17,2024-10-21,CLN-004,134
18,2024-10-28,CLN-004,123
19,2024-11-04,CLN-004,130
20,2024-11-11,CLN-004,100
21,2024-11-18,CLN-004,72
22,2024-11-25,CLN-004,109
23,2024-12-02,CLN-004,119
24,2024-12-09,CLN-004,96
25,2024-12-16,CLN-004,81
26,2024-12-23,CLN-004,40
27,2024-12-30,CLN-004,110
28,2025-01-06,CLN-004,100
29,2025-01-13,CLN-004,49
30,2025-01-20,CLN-004,92
31,2025-01-27,CLN-004,112
32,2025-02-03,CLN-004,86
33,2025-02-10,CLN-004,113
34,2025-02-17,CLN-004,113
35,2025-02-24,CLN-004,43
36,2025-03-03,CLN-004,80
37,2025-03-10,CLN-004,104
38,2025-03-17,CLN-004,118
39,2025-03-24,CLN-004,133
40,2025-03-31,CLN-004,29
41,2025-04-07,CLN-004,87
42,2025-04-14,CLN-004,111
43,2025-04-21,CLN-004,127
44,2025-04-28,CLN-004,142
45,2025-05-05,CLN-004,60
46,2025-05-12,CLN-004,77
47,2025-05-19,CLN-004,56
48,2025-05-26,CLN-004,115
49,2025-06-02,CLN-004,48
50,2025-06-09,CLN-004,126
51,2025-06-16,CLN-004,118
52,2025-06-23,CLN-004,104
53,2025-06-30,CLN-004,21
54,2025-07-07,CLN-004,68
55,2025-07-14,CLN-004,112
56,2025-07-21,CLN-004,45
57,2025-07-28,CLN-004,82
58,2025-08-04,CLN-004,86
59,2025-08-11,CLN-004,117
60,2025-08-18,CLN-004,98
61,2025-08-25,CLN-004,98
62,2025-09-01,CLN-004,75
63,2025-09-08,CLN-004,89
64,2025-09-15,CLN-004,85
65,2025-09-22,CLN-004,112
66,2025-09-29,CLN-004,83
67,2025-10-06,CLN-004,121
68,2025-10-13,CLN-004,36
69,2025-10-20,CLN-004,126
70,2025-10-27,CLN-004,84
71,2025-11-03,CLN-004,124
72,2025-11-10,CLN-004,92
73,2025-11-17,CLN-004,116
74,2025-11-24,CLN-004,136
75,2025-12-01,CLN-004,72
76,2025-12-08,CLN-004,91
77,2025-12-15,CLN-004,84
78,2025-12-22,CLN-004,95
79,2025-12-29,CLN-004,39
80,2026-01-05,CLN-004,84
81,2026-01-12,CLN-004,81
82,2026-01-19,CLN-004,64
83,2026-01-26,CLN-004,83
84,2026-02-02,CLN-004,41
85,2026-02-09,CLN-004,133
86,2026-02-16,CLN-004,103
87,2026-02-23,CLN-004,148
88,2026-03-02,CLN-004,62
89,2026-03-09,CLN-004,53
90,2026-03-16,CLN-004,98
91,2026-03-23,CLN-004,37
92,2026-03-30,CLN-004,96
93,2026-04-06,CLN-004,67
94,2026-04-13,CLN-004,79
95,2026-04-20,CLN-004,97
96,2026-04-27,CLN-004,90
97,2026-05-04,CLN-004,147
98,2026-05-11,CLN-004,109
99,2026-05-18,CLN-004,49
100,2026-05-25,CLN-004,119
101,2026-06-01,CLN-004,47
102,2026-06-08,CLN-004,92
103,2026-06-15,CLN-004,50
104,2026-06-22,CLN-004,63
1,2024-07-01,CLN-005,46
2,2024-07-08,CLN-005,46
3,2024-07-15,CLN-005,46
4,2024-07-22,CLN-005,48
5,2024-07-29,CLN-005,59
6,2024-08-05,CLN-005,42
7,2024-08-12,CLN-005,42
8,2024-08-19,CLN-005,53
9,2024-08-26,CLN-005,40
10,2024-09-02,CLN-005,47
11,2024-09-09,CLN-005,57
12,2024-09-16,CLN-005,50
13,2024-09-23,CLN-005,47
14,2024-09-30,CLN-005,45
15,2024-10-07,CLN-005,44
16,2024-10-14,CLN-005,46
17,2024-10-21,CLN-005,51
18,2024-10-28,CLN-005,58
19,2024-11-04,CLN-005,56
20,2024-11-11,CLN-005,46
21,2024-11-18,CLN-005,45
22,2024-11-25,CLN-005,54
23,2024-12-02,CLN-005,38
24,2024-12-09,CLN-005,47
25,2024-12-16,CLN-005,48
26,2024-12-23,CLN-005,43
27,2024-12-30,CLN-005,43
28,2025-01-06,CLN-005,52
29,2025-01-13,CLN-005,39
30,2025-01-20,CLN-005,44
31,2025-01-27,CLN-005,46
32,2025-02-03,CLN-005,50
33,2025-02-10,CLN-005,41
34,2025-02-17,CLN-005,57
35,2025-02-24,CLN-005,48
36,2025-03-03,CLN-005,48
37,2025-03-10,CLN-005,47
38,2025-03-17,CLN-005,45
39,2025-03-24,CLN-005,43
40,2025-03-31,CLN-005,57
41,2025-04-07,CLN-005,51
42,2025-04-14,CLN-005,49
43,2025-04-21,CLN-005,56
44,2025-04-28,CLN-005,45
45,2025-05-05,CLN-005,54
46,2025-05-12,CLN-005,50
47,2025-05-19,CLN-005,44
48,2025-05-26,CLN-005,54
49,2025-06-02,CLN-005,40
50,2025-06-09,CLN-005,54
51,2025-06-16,CLN-005,44
52,2025-06-23,CLN-005,52
53,2025-06-30,CLN-005,58
54,2025-07-07,CLN-005,53
55,2025-07-14,CLN-005,46
56,2025-07-21,CLN-005,49
57,2025-07-28,CLN-005,47
58,2025-08-04,CLN-005,42
59,2025-08-11,CLN-005,42
60,2025-08-18,CLN-005,50
61,2025-08-25,CLN-005,53
62,2025-09-01,CLN-005,38
63,2025-09-08,CLN-005,49
64,2025-09-15,CLN-005,53
65,2025-09-22,CLN-005,50
66,2025-09-29,CLN-005,43
67,2025-10-06,CLN-005,56
68,2025-10-13,CLN-005,42
69,2025-10-20,CLN-005,54
70,2025-10-27,CLN-005,60
71,2025-11-03,CLN-005,36
72,2025-11-10,CLN-005,51
73,2025-11-17,CLN-005,51
74,2025-11-24,CLN-005,51
75,2025-12-01,CLN-005,45
76,2025-12-08,CLN-005,47
77,2025-12-15,CLN-005,41
78,2025-12-22,CLN-005,50
79,2025-12-29,CLN-005,53
80,2026-01-05,CLN-005,45
81,2026-01-12,CLN-005,44
82,2026-01-19,CLN-005,46
83,2026-01-26,CLN-005,49
84,2026-02-02,CLN-005,50
85,2026-02-09,CLN-005,49
86,2026-02-16,CLN-005,50
87,2026-02-23,CLN-005,41
88,2026-03-02,CLN-005,32
89,2026-03-09,CLN-005,53
90,2026-03-16,CLN-005,58
91,2026-03-23,CLN-005,40
92,2026-03-30,CLN-005,45
93,2026-04-06,CLN-005,51
94,2026-04-13,CLN-005,55
95,2026-04-20,CLN-005,54
96,2026-04-27,CLN-005,58
97,2026-05-04,CLN-005,49
98,2026-05-11,CLN-005,52
99,2026-05-18,CLN-005,52
100,2026-05-25,CLN-005,47
101,2026-06-01,CLN-005,57
102,2026-06-08,CLN-005,53
103,2026-06-15,CLN-005,56
104,2026-06-22,CLN-005,47
1,2024-07-01,CLN-006,107
2,2024-07-08,CLN-006,79
3,2024-07-15,CLN-006,97
4,2024-07-22,CLN-006,58
5,2024-07-29,CLN-006,79
6,2024-08-05,CLN-006,100
7,2024-08-12,CLN-006,85
8,2024-08-19,CLN-006,92
9,2024-08-26,CLN-006,69
10,2024-09-02,CLN-006,108
11,2024-09-09,CLN-006,96
12,2024-09-16,CLN-006,88
13,2024-09-23,CLN-006,93
14,2024-09-30,CLN-006,91
15,2024-10-07,CLN-006,104
16,2024-10-14,CLN-006,89
17,2024-10-21,CLN-006,68
18,2024-10-28,CLN-006,82
19,2024-11-04,CLN-006,100
20,2024-11-11,CLN-006,91
21,2024-11-18,CLN-006,79
22,2024-11-25,CLN-006,90
23,2024-12-02,CLN-006,84
24,2024-12-09,CLN-006,89
25,2024-12-16,CLN-006,64
26,2024-12-23,CLN-006,71
27,2024-12-30,CLN-006,88
28,2025-01-06,CLN-006,78
29,2025-01-13,CLN-006,84
30,2025-01-20,CLN-006,101
31,2025-01-27,CLN-006,76
32,2025-02-03,CLN-006,81
33,2025-02-10,CLN-006,72
34,2025-02-17,CLN-006,71
35,2025-02-24,CLN-006,76
36,2025-03-03,CLN-006,61
37,2025-03-10,CLN-006,54
38,2025-03-17,CLN-006,90
39,2025-03-24,CLN-006,74
40,2025-03-31,CLN-006,87
41,2025-04-07,CLN-006,76
42,2025-04-14,CLN-006,75
43,2025-04-21,CLN-006,80
44,2025-04-28,CLN-006,80
45,2025-05-05,CLN-006,60
46,2025-05-12,CLN-006,84
47,2025-05-19,CLN-006,62
48,2025-05-26,CLN-006,73
49,2025-06-02,CLN-006,96
50,2025-06-09,CLN-006,71
51,2025-06-16,CLN-006,86
52,2025-06-23,CLN-006,66
53,2025-06-30,CLN-006,75
54,2025-07-07,CLN-006,69
55,2025-07-14,CLN-006,72
56,2025-07-21,CLN-006,59
57,2025-07-28,CLN-006,58
58,2025-08-04,CLN-006,70
59,2025-08-11,CLN-006,52
60,2025-08-18,CLN-006,58
61,2025-08-25,CLN-006,71
62,2025-09-01,CLN-006,59
63,2025-09-08,CLN-006,56
64,2025-09-15,CLN-006,54
65,2025-09-22,CLN-006,64
66,2025-09-29,CLN-006,60
67,2025-10-06,CLN-006,64
68,2025-10-13,CLN-006,60
69,2025-10-20,CLN-006,77
70,2025-10-27,CLN-006,57
71,2025-11-03,CLN-006,44
72,2025-11-10,CLN-006,61
73,2025-11-17,CLN-006,59
74,2025-11-24,CLN-006,60
75,2025-12-01,CLN-006,45
76,2025-12-08,CLN-006,67
77,2025-12-15,CLN-006,57
78,2025-12-22,CLN-006,57
79,2025-12-29,CLN-006,44
80,2026-01-05,CLN-006,60
81,2026-01-12,CLN-006,55
82,2026-01-19,CLN-006,66
83,2026-01-26,CLN-006,52
84,2026-02-02,CLN-006,45
85,2026-02-09,CLN-006,55
86,2026-02-16,CLN-006,47
87,2026-02-23,CLN-006,56
88,2026-03-02,CLN-006,45
89,2026-03-09,CLN-006,51
90,2026-03-16,CLN-006,50
91,2026-03-23,CLN-006,51
92,2026-03-30,CLN-006,47
93,2026-04-06,CLN-006,44
94,2026-04-13,CLN-006,49
95,2026-04-20,CLN-006,45
96,2026-04-27,CLN-006,50
97,2026-05-04,CLN-006,46
98,2026-05-11,CLN-006,33
99,2026-05-18,CLN-006,47
100,2026-05-25,CLN-006,56
101,2026-06-01,CLN-006,48
102,2026-06-08,CLN-006,50
103,2026-06-15,CLN-006,48
104,2026-06-22,CLN-006,42
1,2024-07-01,CLN-007,79
2,2024-07-08,CLN-007,83
3,2024-07-15,CLN-007,74
4,2024-07-22,CLN-007,71
5,2024-07-29,CLN-007,71
6,2024-08-05,CLN-007,63
7,2024-08-12,CLN-007,68
8,2024-08-19,CLN-007,63
9,2024-08-26,CLN-007,69
10,2024-09-02,CLN-007,45
11,2024-09-09,CLN-007,51
12,2024-09-16,CLN-007,74
13,2024-09-23,CLN-007,57
14,2024-09-30,CLN-007,17
15,2024-10-07,CLN-007,65
16,2024-10-14,CLN-007,20
17,2024-10-21,CLN-007,99
18,2024-10-28,CLN-007,77
19,2024-11-04,CLN-007,76
20,2024-11-11,CLN-007,51
21,2024-11-18,CLN-007,42
22,2024-11-25,CLN-007,59
23,2024-12-02,CLN-007,64
24,2024-12-09,CLN-007,49
25,2024-12-16,CLN-007,66
26,2024-12-23,CLN-007,76
27,2024-12-30,CLN-007,74
28,2025-01-06,CLN-007,44
29,2025-01-13,CLN-007,22
30,2025-01-20,CLN-007,63
31,2025-01-27,CLN-007,51
32,2025-02-03,CLN-007,72
33,2025-02-10,CLN-007,94
34,2025-02-17,CLN-007,94
35,2025-02-24,CLN-007,69
36,2025-03-03,CLN-007,84
37,2025-03-10,CLN-007,94
38,2025-03-17,CLN-007,64
39,2025-03-24,CLN-007,68
40,2025-03-31,CLN-007,79
41,2025-04-07,CLN-007,63
42,2025-04-14,CLN-007,54
43,2025-04-21,CLN-007,49
44,2025-04-28,CLN-007,63
45,2025-05-05,CLN-007,52
46,2025-05-12,CLN-007,78
47,2025-05-19,CLN-007,57
48,2025-05-26,CLN-007,91
49,2025-06-02,CLN-007,86
50,2025-06-09,CLN-007,40
51,2025-06-16,CLN-007,84
52,2025-06-23,CLN-007,56
53,2025-06-30,CLN-007,89
54,2025-07-07,CLN-007,73
55,2025-07-14,CLN-007,63
56,2025-07-21,CLN-007,76
57,2025-07-28,CLN-007,53
58,2025-08-04,CLN-007,70
59,2025-08-11,CLN-007,71
60,2025-08-18,CLN-007,61
61,2025-08-25,CLN-007,71
62,2025-09-01,CLN-007,45
63,2025-09-08,CLN-007,74
64,2025-09-15,CLN-007,41
65,2025-09-22,CLN-007,75
66,2025-09-29,CLN-007,72
67,2025-10-06,CLN-007,77
68,2025-10-13,CLN-007,53
69,2025-10-20,CLN-007,120
70,2025-10-27,CLN-007,59
71,2025-11-03,CLN-007,66
72,2025-11-10,CLN-007,50
73,2025-11-17,CLN-007,90
74,2025-11-24,CLN-007,55
75,2025-12-01,CLN-007,82
76,2025-12-08,CLN-007,46
77,2025-12-15,CLN-007,70
78,2025-12-22,CLN-007,57
79,2025-12-29,CLN-007,81
80,2026-01-05,CLN-007,58
81,2026-01-12,CLN-007,48
82,2026-01-19,CLN-007,72
83,2026-01-26,CLN-007,42
84,2026-02-02,CLN-007,46
85,2026-02-09,CLN-007,78
86,2026-02-16,CLN-007,29
87,2026-02-23,CLN-007,78
88,2026-03-02,CLN-007,56
89,2026-03-09,CLN-007,47
90,2026-03-16,CLN-007,69
91,2026-03-23,CLN-007,76
92,2026-03-30,CLN-007,53
93,2026-04-06,CLN-007,61
94,2026-04-13,CLN-007,79
95,2026-04-20,CLN-007,78
96,2026-04-27,CLN-007,63
97,2026-05-04,CLN-007,50
98,2026-05-11,CLN-007,47
99,2026-05-18,CLN-007,53
100,2026-05-25,CLN-007,77
101,2026-06-01,CLN-007,75
102,2026-06-08,CLN-007,70
103,2026-06-15,CLN-007,90
104,2026-06-22,CLN-007,59
1,2024-07-01,CLN-008,75
2,2024-07-08,CLN-008,100
3,2024-07-15,CLN-008,58
4,2024-07-22,CLN-008,83
5,2024-07-29,CLN-008,84
6,2024-08-05,CLN-008,80
7,2024-08-12,CLN-008,105
8,2024-08-19,CLN-008,92
9,2024-08-26,CLN-008,88
10,2024-09-02,CLN-008,70
11,2024-09-09,CLN-008,85
12,2024-09-16,CLN-008,76
13,2024-09-23,CLN-008,80
14,2024-09-30,CLN-008,82
15,2024-10-07,CLN-008,75
16,2024-10-14,CLN-008,86
17,2024-10-21,CLN-008,97
18,2024-10-28,CLN-008,91
19,2024-11-04,CLN-008,82
20,2024-11-11,CLN-008,59
21,2024-11-18,CLN-008,91
22,2024-11-25,CLN-008,91
23,2024-12-02,CLN-008,78
24,2024-12-09,CLN-008,75
25,2024-12-16,CLN-008,87
26,2024-12-23,CLN-008,71
27,2024-12-30,CLN-008,88
28,2025-01-06,CLN-008,68
29,2025-01-13,CLN-008,70
30,2025-01-20,CLN-008,80
31,2025-01-27,CLN-008,64
32,2025-02-03,CLN-008,80
33,2025-02-10,CLN-008,86
34,2025-02-17,CLN-008,66
35,2025-02-24,CLN-008,90
36,2025-03-03,CLN-008,74
37,2025-03-10,CLN-008,86
38,2025-03-17,CLN-008,82
39,2025-03-24,CLN-008,75
40,2025-03-31,CLN-008,74
41,2025-04-07,CLN-008,62
42,2025-04-14,CLN-008,72
43,2025-04-21,CLN-008,72
44,2025-04-28,CLN-008,97
45,2025-05-05,CLN-008,91
46,2025-05-12,CLN-008,65
47,2025-05-19,CLN-008,88
48,2025-05-26,CLN-008,82
49,2025-06-02,CLN-008,76
50,2025-06-09,CLN-008,85
51,2025-06-16,CLN-008,88
52,2025-06-23,CLN-008,74
53,2025-06-30,CLN-008,77
54,2025-07-07,CLN-008,82
55,2025-07-14,CLN-008,69
56,2025-07-21,CLN-008,82
57,2025-07-28,CLN-008,79
58,2025-08-04,CLN-008,73
59,2025-08-11,CLN-008,71
60,2025-08-18,CLN-008,83
61,2025-08-25,CLN-008,89
62,2025-09-01,CLN-008,83
63,2025-09-08,CLN-008,71
64,2025-09-15,CLN-008,88
65,2025-09-22,CLN-008,82
66,2025-09-29,CLN-008,86
67,2025-10-06,CLN-008,92
68,2025-10-13,CLN-008,70
69,2025-10-20,CLN-008,78
70,2025-10-27,CLN-008,74
71,2025-11-03,CLN-008,71
72,2025-11-10,CLN-008,101
73,2025-11-17,CLN-008,90
74,2025-11-24,CLN-008,61
75,2025-12-01,CLN-008,84
76,2025-12-08,CLN-008,74
77,2025-12-15,CLN-008,92
78,2025-12-22,CLN-008,81
79,2025-12-29,CLN-008,78
80,2026-01-05,CLN-008,81
81,2026-01-12,CLN-008,84
82,2026-01-19,CLN-008,80
83,2026-01-26,CLN-008,78
84,2026-02-02,CLN-008,79
85,2026-02-09,CLN-008,85
86,2026-02-16,CLN-008,68
87,2026-02-23,CLN-008,80
88,2026-03-02,CLN-008,79
89,2026-03-09,CLN-008,75
90,2026-03-16,CLN-008,88
91,2026-03-23,CLN-008,66
92,2026-03-30,CLN-008,76
93,2026-04-06,CLN-008,71
94,2026-04-13,CLN-008,86
95,2026-04-20,CLN-008,75
96,2026-04-27,CLN-008,81
97,2026-05-04,CLN-008,84
98,2026-05-11,CLN-008,63
99,2026-05-18,CLN-008,85
100,2026-05-25,CLN-008,72
101,2026-06-01,CLN-008,77
102,2026-06-08,CLN-008,79
103,2026-06-15,CLN-008,89
104,2026-06-22,CLN-008,88
1,2024-07-01,CLN-009,36
2,2024-07-08,CLN-009,30
3,2024-07-15,CLN-009,28
4,2024-07-22,CLN-009,28
5,2024-07-29,CLN-009,33
6,2024-08-05,CLN-009,37
7,2024-08-12,CLN-009,33
8,2024-08-19,CLN-009,29
9,2024-08-26,CLN-009,33
10,2024-09-02,CLN-009,33
11,2024-09-09,CLN-009,33
12,2024-09-16,CLN-009,30
13,2024-09-23,CLN-009,22
14,2024-09-30,CLN-009,31
15,2024-10-07,CLN-009,38
16,2024-10-14,CLN-009,35
17,2024-10-21,CLN-009,25
18,2024-10-28,CLN-009,35
19,2024-11-04,CLN-009,27
20,2024-11-11,CLN-009,45
21,2024-11-18,CLN-009,37
22,2024-11-25,CLN-009,30
23,2024-12-02,CLN-009,40
24,2024-12-09,CLN-009,33
25,2024-12-16,CLN-009,40
26,2024-12-23,CLN-009,38
27,2024-12-30,CLN-009,32
28,2025-01-06,CLN-009,41
29,2025-01-13,CLN-009,32
30,2025-01-20,CLN-009,46
31,2025-01-27,CLN-009,39
32,2025-02-03,CLN-009,34
33,2025-02-10,CLN-009,30
34,2025-02-17,CLN-009,49
35,2025-02-24,CLN-009,48
36,2025-03-03,CLN-009,34
37,2025-03-10,CLN-009,50
38,2025-03-17,CLN-009,42
39,2025-03-24,CLN-009,40
40,2025-03-31,CLN-009,42
41,2025-04-07,CLN-009,41
42,2025-04-14,CLN-009,51
43,2025-04-21,CLN-009,44
44,2025-04-28,CLN-009,33
45,2025-05-05,CLN-009,56
46,2025-05-12,CLN-009,49
47,2025-05-19,CLN-009,38
48,2025-05-26,CLN-009,43
49,2025-06-02,CLN-009,40
50,2025-06-09,CLN-009,46
51,2025-06-16,CLN-009,48
52,2025-06-23,CLN-009,47
53,2025-06-30,CLN-009,43
54,2025-07-07,CLN-009,42
55,2025-07-14,CLN-009,52
56,2025-07-21,CLN-009,47
57,2025-07-28,CLN-009,62
58,2025-08-04,CLN-009,43
59,2025-08-11,CLN-009,53
60,2025-08-18,CLN-009,49
61,2025-08-25,CLN-009,44
62,2025-09-01,CLN-009,58
63,2025-09-08,CLN-009,50
64,2025-09-15,CLN-009,44
65,2025-09-22,CLN-009,48
66,2025-09-29,CLN-009,57
67,2025-10-06,CLN-009,43
68,2025-10-13,CLN-009,60
69,2025-10-20,CLN-009,56
70,2025-10-27,CLN-009,50
71,2025-11-03,CLN-009,61
72,2025-11-10,CLN-009,65
73,2025-11-17,CLN-009,57
74,2025-11-24,CLN-009,54
75,2025-12-01,CLN-009,66
76,2025-12-08,CLN-009,64
77,2025-12-15,CLN-009,48
78,2025-12-22,CLN-009,53
79,2025-12-29,CLN-009,53
80,2026-01-05,CLN-009,52
81,2026-01-12,CLN-009,45
82,2026-01-19,CLN-009,62
83,2026-01-26,CLN-009,57
84,2026-02-02,CLN-009,57
85,2026-02-09,CLN-009,67
86,2026-02-16,CLN-009,53
87,2026-02-23,CLN-009,57
88,2026-03-02,CLN-009,60
89,2026-03-09,CLN-009,55
90,2026-03-16,CLN-009,58
91,2026-03-23,CLN-009,65
92,2026-03-30,CLN-009,59
93,2026-04-06,CLN-009,70
94,2026-04-13,CLN-009,54
95,2026-04-20,CLN-009,62
96,2026-04-27,CLN-009,49
97,2026-05-04,CLN-009,60
98,2026-05-11,CLN-009,55
99,2026-05-18,CLN-009,72
100,2026-05-25,CLN-009,68
101,2026-06-01,CLN-009,66
102,2026-06-08,CLN-009,77
103,2026-06-15,CLN-009,75
104,2026-06-22,CLN-009,69
1,2024-07-01,CLN-010,18
2,2024-07-08,CLN-010,35
3,2024-07-15,CLN-010,31
4,2024-07-22,CLN-010,27
5,2024-07-29,CLN-010,32
6,2024-08-05,CLN-010,16
7,2024-08-12,CLN-010,52
8,2024-08-19,CLN-010,22
9,2024-08-26,CLN-010,27
10,2024-09-02,CLN-010,42
11,2024-09-09,CLN-010,16
12,2024-09-16,CLN-010,46
13,2024-09-23,CLN-010,46
14,2024-09-30,CLN-010,31
15,2024-10-07,CLN-010,22
16,2024-10-14,CLN-010,29
17,2024-10-21,CLN-010,13
18,2024-10-28,CLN-010,51
19,2024-11-04,CLN-010,36
20,2024-11-11,CLN-010,26
21,2024-11-18,CLN-010,24
22,2024-11-25,CLN-010,42
23,2024-12-02,CLN-010,53
24,2024-12-09,CLN-010,20
25,2024-12-16,CLN-010,28
26,2024-12-23,CLN-010,14
27,2024-12-30,CLN-010,43
28,2025-01-06,CLN-010,37
29,2025-01-13,CLN-010,61
30,2025-01-20,CLN-010,34
31,2025-01-27,CLN-010,30
32,2025-02-03,CLN-010,27
33,2025-02-10,CLN-010,45
34,2025-02-17,CLN-010,16
35,2025-02-24,CLN-010,44
36,2025-03-03,CLN-010,38
37,2025-03-10,CLN-010,29
38,2025-03-17,CLN-010,24
39,2025-03-24,CLN-010,47
40,2025-03-31,CLN-010,57
41,2025-04-07,CLN-010,30
42,2025-04-14,CLN-010,41
43,2025-04-21,CLN-010,55
44,2025-04-28,CLN-010,28
45,2025-05-05,CLN-010,32
46,2025-05-12,CLN-010,21
47,2025-05-19,CLN-010,33
48,2025-05-26,CLN-010,34
49,2025-06-02,CLN-010,30
50,2025-06-09,CLN-010,26
51,2025-06-16,CLN-010,16
52,2025-06-23,CLN-010,19
53,2025-06-30,CLN-010,24
54,2025-07-07,CLN-010,43
55,2025-07-14,CLN-010,29
56,2025-07-21,CLN-010,25
57,2025-07-28,CLN-010,43
58,2025-08-04,CLN-010,42
59,2025-08-11,CLN-010,26
60,2025-08-18,CLN-010,28
61,2025-08-25,CLN-010,43
62,2025-09-01,CLN-010,39
63,2025-09-08,CLN-010,25
64,2025-09-15,CLN-010,38
65,2025-09-22,CLN-010,35
66,2025-09-29,CLN-010,48
67,2025-10-06,CLN-010,25
68,2025-10-13,CLN-010,45
69,2025-10-20,CLN-010,40
70,2025-10-27,CLN-010,23
71,2025-11-03,CLN-010,47
72,2025-11-10,CLN-010,46
73,2025-11-17,CLN-010,19
74,2025-11-24,CLN-010,58
75,2025-12-01,CLN-010,21
76,2025-12-08,CLN-010,24
77,2025-12-15,CLN-010,31
78,2025-12-22,CLN-010,44
79,2025-12-29,CLN-010,42
80,2026-01-05,CLN-010,34
81,2026-01-12,CLN-010,51
82,2026-01-19,CLN-010,40
83,2026-01-26,CLN-010,52
84,2026-02-02,CLN-010,68
85,2026-02-09,CLN-010,37
86,2026-02-16,CLN-010,4
87,2026-02-23,CLN-010,30
88,2026-03-02,CLN-010,22
89,2026-03-09,CLN-010,36
90,2026-03-16,CLN-010,36
91,2026-03-23,CLN-010,20
92,2026-03-30,CLN-010,21
93,2026-04-06,CLN-010,32
94,2026-04-13,CLN-010,33
95,2026-04-20,CLN-010,4
96,2026-04-27,CLN-010,47
97,2026-05-04,CLN-010,35
98,2026-05-11,CLN-010,35
99,2026-05-18,CLN-010,39
100,2026-05-25,CLN-010,23
101,2026-06-01,CLN-010,34
102,2026-06-08,CLN-010,47
103,2026-06-15,CLN-010,48
104,2026-06-22,CLN-010,41
1,2024-07-01,CLN-011,37
2,2024-07-08,CLN-011,45
3,2024-07-15,CLN-011,42
4,2024-07-22,CLN-011,38
5,2024-07-29,CLN-011,31
6,2024-08-05,CLN-011,37
7,2024-08-12,CLN-011,32
8,2024-08-19,CLN-011,45
9,2024-08-26,CLN-011,41
10,2024-09-02,CLN-011,37
11,2024-09-09,CLN-011,39
12,2024-09-16,CLN-011,50
13,2024-09-23,CLN-011,45
14,2024-09-30,CLN-011,35
15,2024-10-07,CLN-011,39
16,2024-10-14,CLN-011,35
17,2024-10-21,CLN-011,33
18,2024-10-28,CLN-011,41
19,2024-11-04,CLN-011,50
20,2024-11-11,CLN-011,46
21,2024-11-18,CLN-011,40
22,2024-11-25,CLN-011,39
23,2024-12-02,CLN-011,41
24,2024-12-09,CLN-011,44
25,2024-12-16,CLN-011,34
26,2024-12-23,CLN-011,33
27,2024-12-30,CLN-011,48
28,2025-01-06,CLN-011,41
29,2025-01-13,CLN-011,46
30,2025-01-20,CLN-011,41
31,2025-01-27,CLN-011,46
32,2025-02-03,CLN-011,38
33,2025-02-10,CLN-011,42
34,2025-02-17,CLN-011,46
35,2025-02-24,CLN-011,44
36,2025-03-03,CLN-011,38
37,2025-03-10,CLN-011,44
38,2025-03-17,CLN-011,37
39,2025-03-24,CLN-011,34
40,2025-03-31,CLN-011,42
41,2025-04-07,CLN-011,46
42,2025-04-14,CLN-011,43
43,2025-04-21,CLN-011,35
44,2025-04-28,CLN-011,43
45,2025-05-05,CLN-011,43
46,2025-05-12,CLN-011,38
47,2025-05-19,CLN-011,30
48,2025-05-26,CLN-011,44
49,2025-06-02,CLN-011,44
50,2025-06-09,CLN-011,42
51,2025-06-16,CLN-011,33
52,2025-06-23,CLN-011,34
53,2025-06-30,CLN-011,44
54,2025-07-07,CLN-011,43
55,2025-07-14,CLN-011,42
56,2025-07-21,CLN-011,39
57,2025-07-28,CLN-011,42
58,2025-08-04,CLN-011,38
59,2025-08-11,CLN-011,39
60,2025-08-18,CLN-011,36
61,2025-08-25,CLN-011,41
62,2025-09-01,CLN-011,38
63,2025-09-08,CLN-011,44
64,2025-09-15,CLN-011,43
65,2025-09-22,CLN-011,37
66,2025-09-29,CLN-011,47
67,2025-10-06,CLN-011,35
68,2025-10-13,CLN-011,42
69,2025-10-20,CLN-011,44
70,2025-10-27,CLN-011,45
71,2025-11-03,CLN-011,31
72,2025-11-10,CLN-011,44
73,2025-11-17,CLN-011,45
74,2025-11-24,CLN-011,46
75,2025-12-01,CLN-011,31
76,2025-12-08,CLN-011,37
77,2025-12-15,CLN-011,40
78,2025-12-22,CLN-011,38
79,2025-12-29,CLN-011,45
80,2026-01-05,CLN-011,37
81,2026-01-12,CLN-011,45
82,2026-01-19,CLN-011,42
83,2026-01-26,CLN-011,34
84,2026-02-02,CLN-011,36
85,2026-02-09,CLN-011,38
86,2026-02-16,CLN-011,40
87,2026-02-23,CLN-011,44
88,2026-03-02,CLN-011,39
89,2026-03-09,CLN-011,44
90,2026-03-16,CLN-011,34
91,2026-03-23,CLN-011,28
92,2026-03-30,CLN-011,39
93,2026-04-06,CLN-011,42
94,2026-04-13,CLN-011,39
95,2026-04-20,CLN-011,36
96,2026-04-27,CLN-011,42
97,2026-05-04,CLN-011,48
98,2026-05-11,CLN-011,40
99,2026-05-18,CLN-011,37
100,2026-05-25,CLN-011,37
101,2026-06-01,CLN-011,48
102,2026-06-08,CLN-011,40
103,2026-06-15,CLN-011,42
104,2026-06-22,CLN-011,45
